Workbook
Name BTL_COM_CLBHA4_CCTEC201: [2]水系统CCS31a90.1!$A$2
Name dianji: [3]泵站各参数表!$H$3:$H$17
Name gaoyaguolvqi: [3]泵站各参数表!$U$3:$U$9
Name huiludaima: '[3]阀组分档-基本数据源'!$I$23:$I$30
Name huiyouguolvqi: [3]泵站各参数表!$Z$3:$Z$9
Name REV_MATERIAL: [2]水系统CCS31a90.1!$D$4
Name REV_MATERIALNAME: [2]水系统CCS31a90.1!$B$4
Name REV_NUMBER: [2]水系统CCS31a90.1!$A$4
Name REV_QTY: [2]水系统CCS31a90.1!$F$4
Name REV_REMARK: [2]水系统CCS31a90.1!$L$4
Name REV_STANDARDNO: [2]水系统CCS31a90.1!$C$4
Name REV_TOTALWEIGHT: [2]水系统CCS31a90.1!$H$4
Name REV_UNIT: [2]水系统CCS31a90.1!$E$4
Name REV_UNITWEIGHT: [2]水系统CCS31a90.1!$G$4
Name xunengqi: [3]泵站各参数表!$AJ$3:$AJ$10
Name xunhuaguolvqi: [3]泵站各参数表!$AE$3:$AE$11
Name xunhuanbeng: [3]泵站各参数表!$M$3:$M$23
Name xunhuanbengdianji: [3]泵站各参数表!$H$3:$H$12
Name youxiang: [3]泵站各参数表!$R$3:$R$15
Name zhubengfuzhudaima: [3]泵站各参数表!$A$3:$A$12
Name ___CFJ1: #REF!
Name __CFJ1: #REF!
Name __F6: #REF!
Name _1F6_: #REF!
Name _CFJ1: #REF!
Name _F6: #REF!
Name ¿°Ä”ÍˆÍ: #REF!
Name A: #REF!
Name aaaa: #REF!
Name FCV_FB: [7]Configuration!$B$19
Name FENG10: #REF!
Name GLB_TT: [7]Configuration!$D$2
Name ltmc: #REF!
Name ltmc2: #REF!
Name ltmc3: #REF!
Name ltmcc: #REF!
Name MatSel: #REF!
Name MatSel_Table: #REF!
Name one: #REF!
Name RH: #REF!
Name Roll_Type_1_dia: #REF!
Name Roll_Type_2_dia: #REF!
Name Roll_Type_3_dia: #REF!
Name Sep_Hide_Column: #REF!
Name Sep_Hide_Marker_Column: #REF!
Name SP_GA_Heater: #REF!
Name SP_HOSE: #REF!
Name SP_Idx_Coating: #REF!
Name SP_Idx_Cooling: #REF!
Name SP_Idx_Furnace: #REF!
Name SP_Idx_Galvanneal: #REF!
Name SP_p_Manometer: #REF!
Name SP_p_Reg: #REF!
Name SP_Steering: #REF!
Name SP_Tensiometer: #REF!
Name SP_Zinc_Pot: #REF!
Name SP_Zinc_Pot_El: #REF!
Name ｘｃ: #REF!
Name xg: #REF!
Name ｿｰﾄ範囲: #REF!

Sheet 表1汇总表
A1: 表1 报 价 汇 总 表
A2: 序号 | B2: 标段 | C2: 工程项目及费用名称 | D2: 报价（元） | E2: 其中：主材费 | F2: 其中：人工费 | G2: 备注
C3: 一、工程费
A4: 1 | B4: 柳钢股份转炉厂二区一罐制及脱硫站升级改造工程(LZG0225J1) | C4: 1：土建工程 | D4: =表2清单!L4 -> 11828964 | E4: =表2清单!M4 -> 5370095.7 | F4: =表2清单!N4 -> 2938281.7
C5: 2：工艺设施 | D5: =表2清单!L69 -> 389815.57 | E5: =表2清单!M69 -> 88500 | F5: =表2清单!N69 -> 206460
C6: 3：燃气设施 | D6: =表2清单!L112 -> 113825.81 | E6: =表2清单!M112 -> 54500 | F6: =表2清单!N112 -> 35340
C7: 4：热力设施 | D7: =表2清单!L126 -> 29099.265 | E7: =表2清单!M126 -> 13500 | F7: =表2清单!N126 -> 9100
C8: 5：给排水设施 | D8: =表2清单!L135 -> 236098.1 | E8: =表2清单!M135 -> 132388 | F8: =表2清单!N135 -> 53648
C9: 6：通风设施 | D9: =表2清单!L147 -> 671715.64 | E9: =表2清单!M147 -> 263900 | F9: =表2清单!N147 -> 219100
C10: 7：电气设施 | D10: =表2清单!L162 -> 1085579 | E10: =表2清单!M162 -> 299805 | F10: =表2清单!N162 -> 479773
C11: 8：电力设施 | D11: =表2清单!L257 -> 142603.46 | E11: =表2清单!M257 -> 30585 | F11: =表2清单!N257 -> 76950
C12: 9：仪表设施 | D12: =表2清单!L267 -> 93942.629 | E12: =表2清单!M267 -> 11088 | F12: =表2清单!N267 -> 59565
C13: 10：计算机 | D13: =表2清单!L300 -> 28643.657 | E13: =表2清单!M300 -> 200 | F13: =表2清单!N300 -> 20880
C14: 11：自动扒渣系统 | D14: =表2清单!L320 -> 30869.754 | E14: =表2清单!M320 -> 6317.3 | F14: =表2清单!N320 -> 17573.4
C15: 12：罐架识别系统 | D15: =表2清单!L338 -> 19043.19 | E15: =表2清单!M338 -> 1602 | F15: =表2清单!N338 -> 13124
C16: 13：电讯设施 | D16: =表2清单!L356 -> 219302.28 | E16: =表2清单!M356 -> 25756 | F16: =表2清单!N356 -> 136668
C17: 14：总图设施 | D17: =表2清单!L377 -> 1290818.4 | E17: =表2清单!M377 -> 428691.06 | F17: =表2清单!N377 -> 204200
C18: 15：拆除 | D18: =表2清单!L389 -> 1912679.1 | E18: =表2清单!M389 -> 2072 | F18: =表2清单!N389 -> 962817.37
C19: 16：测量 | D19: =表2清单!L447 -> 38000 | E19: =表2清单!M447 -> 0 | F19: =表2清单!N447 -> 30000
C20: 工程费用小计 | D20: =SUM(D4:D19) -> 18131000 | E20: =SUM(E4:E19) -> 6729000 | F20: =SUM(F4:F19) -> 5463480.5
C21: 其中：安全文明施工费 | D21: =D20*0.0675 -> 1223842.5
C23: 二、其他费
C27: 合计 | D27: =D20+D23 -> 18131000 | E27: =E20+E23 -> 6729000 | F27: =F20+F23 -> 5463480.5
A28: 投标总报价（大写）： | C28: =ROUND(D27,0) -> 18131000
A30: 投标单位:(盖章)
A32: 法定代表人:(签字、盖章)
A34: 日期 ： 年 月 日

Sheet 表2清单
A1: 流水号 | B1: 序号 | C1: 工程或费用名称 | D1: 规格型号 | E1: 单位 | F1: 数 量 | G1: 重量(吨) | I1: 单价（元） | L1: 总价（元） | O1: 主材损耗率% | P1: 工作内容 | U1: 单价（元）
G2: 单重 | H2: 总重 | I2: 综合单价 | J2: 其中： | L2: 总计 | M2: 其中： | U2: 综合单价
J3: 主材单价 | K3: 人工费 | M3: 主材总价 | N3: 人工费总价
A4: =ROW()-4 -> 0 | B4: 1 | C4: 土建设施 | L4: =SUM(L5:L68) -> 11828964 | M4: =SUM(M5:M68) -> 5370095.7 | N4: =SUM(N5:N68) -> 2938281.7
A5: 1 | B5: 1.1 | C5: 新建脱硫主厂房
A6: 2 | B6: 1.1.1 | C6: 脱硫厂房基础 | D6: C30(钢筋单列) | E6: 立方米 | F6: 120 | I6: 794.40165 | J6: 260 | K6: 192.5 | L6: =F6*I6 -> 95328.198 | M6: =F6*J6 -> 31200 | N6: =F6*K6 -> 23100 | P6: 降水、排水、挖填运土石方(含特殊爆破)、基础垫层、模板安拆堆放、截（接）桩头、填桩芯、预埋铁件（含钢管、套筒、防雷接地极、地脚螺栓等）制安、砼浇捣养护、脚手架搭拆、铁件刷油、浇灌（灌浆）、固定架制安等全部工作内容 | U6: 794.40165 | V6: =I6-U6 -> 0 | W6: =I6-J6 -> 534.40165
A7: 3 | B7: 1.1.2 | C7: 脱硫厂房基础钢筋 | D7: 各种规格、各种型号、各种材质 | E7: 吨 | F7: 9 | I7: 5161 | J7: 3250 | K7: 850 | L7: =F7*I7 -> 46449 | M7: =F7*J7 -> 29250 | N7: =F7*K7 -> 7650 | P7: 钢筋采购、制作、运输、绑扎安装等全部工作内容 | Q7: 主材贵300 施工贵100 | U7: 5361.3917 | V7: =I7-U7 -> -200.39168 | W7: =I7-J7 -> 1911
A8: 4 | B8: 1.1.3 | C8: 脱硫主厂房钢结构 | D8: 各种规格、各种型号、各种材质 | E8: 吨 | F8: 209 | I8: 7251.5786 | J8: 3510 | K8: 2150 | L8: =F8*I8 -> 1515579.9 | M8: =F8*J8 -> 733590 | N8: =F8*K8 -> 449350 | P8: 钢结构设计详图设计、材料供货、除锈防腐、制作、探伤、运输、卸车、拼装、吊装、安装、涂漆、接地等全部工作内容 | Q8: 7000 | R8: 主材贵 3-4点损耗 | U8: 7551.5786 | V8: =I8-U8 -> -300 | W8: =I8-J8 -> 3741.5786
A9: 5 | B9: 1.1.4 | C9: 屋面彩板 | D9: 屋面采用0.8mm厚单层YX130-333-666（角驰III）型彩色压型钢板 | E9: 平方米 | F9: 1536 | I9: 127.02185 | J9: 72 | K9: 22 | L9: =F9*I9 -> 195105.56 | M9: =F9*J9 -> 110592 | N9: =F9*K9 -> 33792 | P9: 墙屋面板(含异型板、零配件)排版、制作、运输、安装等施工图、施工规范要求的全部工作内容 | U9: 127.02185 | V9: =I9-U9 -> 0 | W9: =I9-J9 -> 55.021848
A10: 6 | B10: 1.1.5 | C10: 雨棚彩板 | D10: 0.8厚V125彩钢板 | E10: 平方米 | F10: 22.32 | I10: 115.60868 | J10: 63.5 | K10: 22 | L10: =F10*I10 -> 2580.3857 | M10: =F10*J10 -> 1417.32 | N10: =F10*K10 -> 491.04 | P10: 同上 | U10: 115.60868 | V10: =I10-U10 -> 0 | W10: =I10-J10 -> 52.10868
A11: 7 | B11: 1.1.6 | C11: 外墙彩板 | D11: 0.6厚V125彩钢板 | E11: 平方米 | F11: 3410 | I11: 108.15325 | J11: 50.5 | K11: 22 | L11: =F11*I11 -> 368802.57 | M11: =F11*J11 -> 172205 | N11: =F11*K11 -> 75020 | P11: 同上 | U11: 98.153246 | V11: =I11-U11 -> 10 | W11: =I11-J11 -> 57.653246
A12: 8 | B12: 1.1.7 | C12: 外墙采光板 | D12: 1.5mm厚FRP一级阻燃型增强玻璃钢釆光板，板型同墙面 | E12: 平方米 | F12: 420 | I12: 57.200113 | J12: 20 | K12: 22 | L12: =F12*I12 -> 24024.048 | M12: =F12*J12 -> 8400 | N12: =F12*K12 -> 9240 | P12: 同上 | U12: 57.200113 | V12: =I12-U12 -> 0 | W12: =I12-J12 -> 37.200113
A13: 9 | B13: 1.1.8 | C13: TPO防水卷材 | D13: 1.5厚，燃烧性能等级不低于B2，卷材随波形铺设。 | E13: 平方米 | F13: 1558.32 | I13: 64.015136 | J13: 41 | K13: 10 | L13: =F13*I13 -> 99756.066 | M13: =F13*J13 -> 63891.12 | N13: =F13*K13 -> 15583.2 | P13: 基层处理、涂刷基层处理剂、卷材铺设、收口密封、成品保护等全部工作内容 | Q13: 主材填报 | U13: 64.015136 | V13: =I13-U13 -> 0 | W13: =I13-J13 -> 23.015136
A14: 10 | B14: 1.1.9 | C14: 砖墙 | D14: 烧结普通砖 | E14: 立方米 | F14: 30 | I14: 1208.7664 | J14: 436 | K14: 520 | L14: =F14*I14 -> 36262.992 | M14: =F14*J14 -> 13080 | N14: =F14*K14 -> 15600 | P14: 调运砂浆、运砌砖、砌窗台虎头砖、腰线、门窗套、安放木砖、铁件、粉刷、涂料、脚手架等满足施工图、施工规范要求的全部工作内容 | Q14: 主材填报 | U14: 1208.7664 | V14: =I14-U14 -> 0 | W14: =I14-J14 -> 772.7664
A15: 11 | B15: 1.1.10 | C15: 电动钢卷帘门 | D15: 高5m，宽4m，钢制卷帘门 | E15: 平方米 | F15: 36 | I15: 261.71961 | J15: 200 | K15: 30 | L15: =F15*I15 -> 9421.906 | M15: =F15*J15 -> 7200 | N15: =F15*K15 -> 1080 | P15: 材料供货及敷设安装等满足施工图纸及规范要求的全部工作内容 | U15: 261.71961 | V15: =I15-U15 -> 0 | W15: =I15-J15 -> 61.719611
A16: 12 | B16: 1.1.11 | C16: 钢制防盗门 | D16: 50mm厚 | E16: 平方米 | F16: 12.32 | I16: 495.68956 | J16: 330 | K16: 100 | L16: =F16*I16 -> 6106.8953 | M16: =F16*J16 -> 4065.6 | N16: =F16*K16 -> 1232 | P16: 同上 | U16: 495.68956 | V16: =I16-U16 -> 0 | W16: =I16-J16 -> 165.68956
A17: 13 | B17: 1.1.12 | C17: 铝合金推拉窗 | E17: 平方米 | F17: 90 | I17: 298.19699 | J17: 210 | K17: 50 | L17: =F17*I17 -> 26837.729 | M17: =F17*J17 -> 18900 | N17: =F17*K17 -> 4500 | P17: 同上 | U17: 298.19699 | V17: =I17-U17 -> 0 | W17: =I17-J17 -> 88.196991
A18: 14 | B18: 1.1.13 | C18: 散水 | D18: 1、80厚C20混凝土面层,撤1:1水泥砂子压实赶光；2、150厚粒径10~40砾石灌M2.5混合砂浆或150厚3:7灰土 夯实,宽出面层100；3、压实填土,压实系数>93%,向外坡3%~5% | E18: 平方米 | F18: 124.8 | I18: 71.699369 | J18: 17.2 | K18: 20 | L18: =F18*I18 -> 8948.0812 | M18: =F18*J18 -> 2146.56 | N18: =F18*K18 -> 2496 | P18: 降水、排水、挖运填土石方、铺设垫层、夯实、模板安拆、浇筑混凝土面层抹灰压实、养护等全部工作内容 | U18: 71.699369 | V18: =I18-U18 -> 0 | W18: =I18-J18 -> 54.499369
A19: 15 | B19: 1.1.14 | C19: 建筑地坪 | D19: 150厚C20素混凝土，垫层300厚碎石 | E19: 平方米 | F19: 700 | I19: 121.52126 | J19: 32.25 | K19: 25 | L19: =F19*I19 -> 85064.882 | M19: =F19*J19 -> 22575 | N19: =F19*K19 -> 17500 | P19: 降水、排水、挖填运土石方(含特殊爆破)、基础垫层、造型砼、模板安拆堆放、截（接）桩头、填桩芯、预埋铁件（含钢管、套筒、防雷接地极、地脚螺栓等）制安、砼浇捣养护、脚手架搭拆、铁件刷油、浇灌（灌浆）、固定架制安等全部工作内容 | U19: 121.52126 | V19: =I19-U19 -> 0 | W19: =I19-J19 -> 89.27126
A20: 16 | B20: 1.2 | C20: 脱硫站平台 | I20: 0 | J20: 0 | K20: 0 | L20: =F20*I20 -> 0 | M20: =F20*J20 -> 0 | N20: =F20*K20 -> 0 | U20: 0 | V20: =I20-U20 -> 0 | W20: =I20-J20 -> 0
A21: 17 | B21: 1.2.1 | C21: 脱硫平台柱基础 | D21: C30(钢筋单列) | E21: 立方米 | F21: 130 | I21: 784.60255 | J21: 260 | K21: 192.5 | L21: =F21*I21 -> 101998.33 | M21: =F21*J21 -> 33800 | N21: =F21*K21 -> 25025 | P21: 降水、排水、挖填运土石方(含特殊爆破)、基础垫层、模板安拆堆放、截（接）桩头、填桩芯、预埋铁件（含钢管、套筒、防雷接地极、地脚螺栓等）制安、砼浇捣养护、脚手架搭拆、铁件刷油、浇灌（灌浆）、固定架制安等全部工作内容 | U21: 784.60255 | V21: =I21-U21 -> 0 | W21: =I21-J21 -> 524.60255
A22: 18 | B22: 1.2.2 | C22: 脱硫站平台钢筋混凝土框架 | D22: C30耐热钢筋混凝土，耐热温度250度(钢筋单列) | E22: 立方米 | F22: 314 | I22: 1499.6903 | J22: 570.75 | K22: 415 | L22: =F22*I22 -> 470902.75 | M22: =F22*J22 -> 179215.5 | N22: =F22*K22 -> 130310 | P22: 同上 | U22: 1499.6903 | V22: =I22-U22 -> 0 | W22: =I22-J22 -> 928.94029
A23: 19 | B23: 1.2.3 | C23: 以上钢筋 | D23: 各种规格、各种型号、各种材质 | E23: 吨 | F23: 60 | I23: 5161 | J23: 3250 | K23: 850 | L23: =F23*I23 -> 309660 | M23: =F23*J23 -> 195000 | N23: =F23*K23 -> 51000 | P23: 钢筋采购、制作、运输、绑扎安装等全部工作内容 | U23: 5361.3917 | V23: =I23-U23 -> -200.39168 | W23: =I23-J23 -> 1911
A24: 20 | B24: 1.2.4 | C24: 脱硫站平台钢结构 | D24: 各种规格、各种型号、各种材质 | E24: 吨 | F24: 408 | I24: 7251.5786 | J24: 3510 | K24: 2150 | L24: =F24*I24 -> 2958644.1 | M24: =F24*J24 -> 1432080 | N24: =F24*K24 -> 877200 | P24: 钢结构设计详图设计、材料供货、除锈防腐、隔热、制作、探伤、运输、卸车、拼装、吊装、安装、涂漆、接地等全部工作内容 | U24: 7551.5786 | V24: =I24-U24 -> -300 | W24: =I24-J24 -> 3741.5786
A25: 21 | B25: 1.2.5 | C25: 高位料仓 | D25: 各种规格、各种型号、各种材质 | E25: 吨 | F25: 15 | I25: 7691.5802 | J25: 3910 | K25: 2150 | L25: =F25*I25 -> 115373.7 | M25: =F25*J25 -> 58650 | N25: =F25*K25 -> 32250 | P25: 同上 | U25: 7691.5802 | V25: =I25-U25 -> 0 | W25: =I25-J25 -> 3781.5802
A26: 22 | B26: 1.2.6 | C26: 平台隔热喷涂料 | D26: 隔热板下部及侧向外表面喷涂 50mm厚隔热材料, 要求耐火度不小于700度，材料容重不大于1t/m3 | E26: m³ | F26: 25 | I26: 4678.28 | J26: 2200 | K26: 1500 | L26: =F26*I26 -> 116957 | M26: =F26*J26 -> 55000 | N26: =F26*K26 -> 37500 | P26: 供货、接货、开箱清点、场内运输、检、试验、（含外观、理化等检、试验）、铺贴喷隔热材料及配套的固定件、清理表面等全部工作内容 | Q26: 添主材 | U26: 4678.28 | V26: =I26-U26 -> 0 | W26: =I26-J26 -> 2478.28
A27: 23 | B27: 1.2.7 | C27: 耐火砖 | D27: 高铝砖、硅碳砖‌、镁碳砖；1550℃ | E27: 立方米 | F27: 30 | I27: 2275.92 | J27: 1500 | K27: 300 | L27: =F27*I27 -> 68277.6 | M27: =F27*J27 -> 45000 | N27: =F27*K27 -> 9000 | P27: 供货，接货、开箱清点、运输、检（试）验、（含外观、理化等检、试验）、砌筑（含预砌筑、预组装、选砖、机械集中磨砖、机械集中切砖）、二次勾缝吹风清扫、镶铁件、模板装拆等全部工作内容 | Q27: 添主材 | U27: 2275.92 | V27: =I27-U27 -> 0 | W27: =I27-J27 -> 775.92
A28: 24 | B28: 1.3 | C28: 脱硫站轨道及基础 | I28: 0 | J28: 0 | K28: 0 | L28: =F28*I28 -> 0 | M28: =F28*J28 -> 0 | N28: =F28*K28 -> 0 | U28: 0 | V28: =I28-U28 -> 0 | W28: =I28-J28 -> 0
A29: 25 | B29: 1.3.1 | C29: 轨道基础 | D29: C30(钢筋单列) | E29: 立方米 | F29: 495 | I29: 901.55955 | J29: 260 | K29: 235 | L29: =F29*I29 -> 446271.98 | M29: =F29*J29 -> 128700 | N29: =F29*K29 -> 116325 | P29: 降水、排水、挖填运土石方(含特殊爆破)、基础垫层、模板安拆堆放、截（接）桩头、填桩芯、预埋铁件（含钢管、套筒、防雷接地极、地脚螺栓等）制安、砼浇捣养护、脚手架搭拆、铁件刷油、浇灌（灌浆）、固定架制安等全部工作内容 | U29: 901.55955 | V29: =I29-U29 -> 0 | W29: =I29-J29 -> 641.55955
A30: 26 | B30: 1.3.2 | C30: 轨道基础钢筋 | D30: 各种规格、各种型号、各种材质 | E30: 吨 | F30: 59.4 | I30: 5161 | J30: 3250 | K30: 850 | L30: =F30*I30 -> 306563.4 | M30: =F30*J30 -> 193050 | N30: =F30*K30 -> 50490 | P30: 钢筋采购、制作、运输、绑扎安装等全部工作内容 | U30: 5361.3917 | V30: =I30-U30 -> -200.39168 | W30: =I30-J30 -> 1911
A31: 27 | B31: 1.3.3 | C31: 地面钢轨 | D31: 各种规格、各种型号、各种材质 | E31: 吨 | F31: 23.27 | I31: 8055.235 | J31: 4600 | K31: 1300 | L31: =F31*I31 -> 187445.32 | M31: =F31*J31 -> 107042 | N31: =F31*K31 -> 30251 | P31: 矫直、切割、坡口、吊装、手下工焊接、找正、连接接头、压轨器(含主材)供货及安装、车挡制作、接地安装等全部工作内容 | U31: 8055.235 | V31: =I31-U31 -> 0 | W31: =I31-J31 -> 3455.235
A32: 28 | B32: 1.3.4 | C32: 电缆卷筒钢平台 | D32: 各种规格、各种型号、各种材质 | E32: 吨 | F32: 2 | I32: 7551.5786 | J32: 3910 | K32: 2150 | L32: =F32*I32 -> 15103.157 | M32: =F32*J32 -> 7820 | N32: =F32*K32 -> 4300 | P32: 钢结构设计详图设计、材料供货、除锈防腐、制作、探伤、运输、卸车、拼装、吊装、安装、涂漆、接地等全部工作内容 | U32: 7551.5786 | V32: =I32-U32 -> 0 | W32: =I32-J32 -> 3641.5786
A33: 29 | B33: 1.4 | C33: 新建参观通道 | I33: 0 | J33: 0 | K33: 0 | L33: =F33*I33 -> 0 | M33: =F33*J33 -> 0 | N33: =F33*K33 -> 0 | U33: 0 | V33: =I33-U33 -> 0 | W33: =I33-J33 -> 0
A34: 30 | B34: 1.4.1 | C34: 精炼炉及脱硫走道钢平台 | D34: 各种规格、各种型号、各种材质 | E34: 吨 | F34: 14 | I34: 7551.5786 | J34: 3910 | K34: 2150 | L34: =F34*I34 -> 105722.1 | M34: =F34*J34 -> 54740 | N34: =F34*K34 -> 30100 | P34: 钢结构设计详图设计、材料供货、除锈防腐、制作、探伤、运输、卸车、拼装、吊装、安装、涂漆、接地等全部工作内容 | U34: 7551.5786 | V34: =I34-U34 -> 0 | W34: =I34-J34 -> 3641.5786
A35: 31 | B35: 1.4.2 | C35: 屋面彩板 | D35: 0.8厚V125彩钢板 | E35: 平方米 | F35: 60 | I35: 127.02185 | J35: 72 | K35: 22 | L35: =F35*I35 -> 7621.3109 | M35: =F35*J35 -> 4320 | N35: =F35*K35 -> 1320 | P35: 墙屋面板(含异型板、零配件)排版、制作、运输、安装等施工图、施工规范要求的全部工作内容 | U35: 127.02185 | V35: =I35-U35 -> 0 | W35: =I35-J35 -> 55.021848
A36: 32 | B36: 1.4.3 | C36: 墙面彩板 | D36: 0.6厚V125彩钢板 | E36: 平方米 | F36: 30 | I36: 115.60868 | J36: 63.5 | K36: 22 | L36: =F36*I36 -> 3468.2604 | M36: =F36*J36 -> 1905 | N36: =F36*K36 -> 660 | P36: 同上 | U36: 115.60868 | V36: =I36-U36 -> 0 | W36: =I36-J36 -> 52.10868
A37: 33 | B37: 1.4.4 | C37: 钢化玻璃隔断 | D37: 单层钢化玻璃，不小于6mm | E37: 平方米 | F37: 120 | I37: 584.19756 | J37: 330 | K37: 120 | L37: =F37*I37 -> 70103.707 | M37: =F37*J37 -> 39600 | N37: =F37*K37 -> 14400 | P37: 供货、运输、安装、调试等全部工作内容 | U37: 584.19756 | V37: =I37-U37 -> 0 | W37: =I37-J37 -> 254.19756
A38: 34 | B38: 1.5 | C38: 建筑小房 | I38: 0 | J38: 0 | K38: 0 | L38: =F38*I38 -> 0 | M38: =F38*J38 -> 0 | N38: =F38*K38 -> 0 | U38: 0 | V38: =I38-U38 -> 0 | W38: =I38-J38 -> 0
A39: 35 | B39: 1.5.1 | C39: 液压站 | D39: 砖混结构 | E39: 平方米 | F39: 47.25 | I39: 2640.0224 | J39: 800 | K39: 680 | L39: =F39*I39 -> 124741.06 | M39: =F39*J39 -> 37800 | N39: =F39*K39 -> 32130 | P39: 降水、排水、土石方(含特殊爆破)挖运填、基础、截（接）桩头、桩锚筋、桩锚板、PHC桩混凝土填芯、基坑支护、钢筋供货及制安、混凝土结构（含构件）、砌体及其涂料，楼面顶棚涂料，楼面、屋面及其防水、防火、隔热、保温层，门窗，地面防潮层，地面铺砌、预埋铁件、预埋管道、钢构件、钢结构KMD设计、脚手架，界面剂，伸缩缝，隔断，踢脚线、散水、坡道、装修及零星构筑物(如电缆沟及其盖板)等全部土建工作内容及照明(包括照明电缆电线、配管、灯具、整流器（断路器、触发器）、开关、插座、照明箱等主材供货及安装等) 、防雷接地、室内外给排水（含淋浴、洗脸盆、污水池、大小便器、管道等），空调电源线路、弱电线路及插座等全部工作内容 | U39: 2640.0224 | V39: =I39-U39 -> 0 | W39: =I39-J39 -> 1840.0224
A40: 36 | B40: 1.5.2 | C40: 操作室（精装修） | D40: 砖混结构 | E40: 平方米 | F40: 63 | I40: 2892.9024 | J40: 800 | K40: 680 | L40: =F40*I40 -> 182252.85 | M40: =F40*J40 -> 50400 | N40: =F40*K40 -> 42840 | P40: 同上 | U40: 2892.9024 | V40: =I40-U40 -> 0 | W40: =I40-J40 -> 2092.9024
A41: 37 | B41: 1.5.3 | C41: 电气室 | D41: 砖混结构 | E41: 平方米 | F41: 126 | I41: 3019.3424 | J41: 800 | K41: 680 | L41: =F41*I41 -> 380437.15 | M41: =F41*J41 -> 100800 | N41: =F41*K41 -> 85680 | P41: 同上 | U41: 3019.3424 | V41: =I41-U41 -> 0 | W41: =I41-J41 -> 2219.3424
A42: 38 | B42: 1.5.4 | C42: 工具、休息间 | D42: 砖混结构 | E42: 平方米 | F42: 28.35 | I42: 2387.1424 | J42: 800 | K42: 580 | L42: =F42*I42 -> 67675.488 | M42: =F42*J42 -> 22680 | N42: =F42*K42 -> 16443 | P42: 同上 | U42: 2387.1424 | V42: =I42-U42 -> 0 | W42: =I42-J42 -> 1587.1424
A43: 39 | B43: 1.6 | C43: 风机房及电气室改造 | I43: 0 | J43: 0 | K43: 0 | L43: =F43*I43 -> 0 | M43: =F43*J43 -> 0 | N43: =F43*K43 -> 0 | U43: 0 | V43: =I43-U43 -> 0 | W43: =I43-J43 -> 0
A44: 40 | B44: 1.6.1 | C44: 内墙面 | D44: 1、涂料 2、3厚耐水腻子分遍找平 3、10厚DP M5砂浆（1:1:6水泥石灰膏砂浆）或粉刷石膏砂浆打底抹平 | E44: 平方米 | F44: 270 | I44: 56.898 | J44: 15 | K44: 30 | L44: =F44*I44 -> 15362.46 | M44: =F44*J44 -> 4050 | N44: =F44*K44 -> 8100 | P44: 调运砂浆、抹灰、涂料等全部工作内容 | U44: 56.898 | V44: =I44-U44 -> 0 | W44: =I44-J44 -> 41.898
A45: 41 | B45: 1.6.2 | C45: 顶棚面 | D45: 1、现浇(或预制)钢筋混凝土板 2、2~3厚面层耐水腻子刮平 3、刷(喷)涂料 | E45: 平方米 | F45: 216 | I45: 25.288 | J45: 10 | K45: 10 | L45: =F45*I45 -> 5462.208 | M45: =F45*J45 -> 2160 | N45: =F45*K45 -> 2160 | P45: 同上 | U45: 25.288 | V45: =I45-U45 -> 0 | W45: =I45-J45 -> 15.288
A46: 42 | B46: 1.6.3 | C46: 电动卷帘门 | E46: 平方米 | F46: 30 | I46: 261.71961 | J46: 200 | K46: 30 | L46: =F46*I46 -> 7851.5883 | M46: =F46*J46 -> 6000 | N46: =F46*K46 -> 900 | P46: 材料供货及敷设安装等满足施工图纸及规范要求的全部工作内容 | U46: 261.71961 | V46: =I46-U46 -> 0 | W46: =I46-J46 -> 61.719611
A47: 43 | B47: 1.7 | C47: 其他零星构筑物 | I47: 0 | J47: 0 | K47: 0 | L47: =F47*I47 -> 0 | M47: =F47*J47 -> 0 | N47: =F47*K47 -> 0 | U47: 0 | V47: =I47-U47 -> 0 | W47: =I47-J47 -> 0
A48: 44 | B48: 1.7.1 | C48: 地下管廊加固混凝土 | D48: C30(钢筋单列) | E48: 立方米 | F48: 230 | I48: 1030.2547 | J48: 260 | K48: 192.5 | L48: =F48*I48 -> 236958.59 | M48: =F48*J48 -> 59800 | N48: =F48*K48 -> 44275 | P48: 降水、排水、挖填运土石方(含特殊爆破)、基础垫层、模板安拆堆放、截（接）桩头、填桩芯、预埋铁件（含钢管、套筒、防雷接地极、地脚螺栓等）制安、植筋、砼浇捣养护、脚手架搭拆、铁件刷油、浇灌（灌浆）、固定架制安等全部工作内容 | U48: 1030.2547 | V48: =I48-U48 -> 0 | W48: =I48-J48 -> 770.25473
A49: 45 | B49: 1.7.2 | C49: 管道支架基础 | D49: C30(钢筋单列) | E49: 立方米 | F49: 90 | I49: 804.60255 | J49: 260 | K49: 192.5 | L49: =F49*I49 -> 72414.23 | M49: =F49*J49 -> 23400 | N49: =F49*K49 -> 17325 | P49: 降水、排水、挖填运土石方(含特殊爆破)、基础垫层、模板安拆堆放、截（接）桩头、填桩芯、预埋铁件（含钢管、套筒、防雷接地极、地脚螺栓等）制安、砼浇捣养护、脚手架搭拆、铁件刷油、浇灌（灌浆）、固定架制安等全部工作内容 | U49: 784.60255 | V49: =I49-U49 -> 20 | W49: =I49-J49 -> 544.60255
A50: 46 | B50: 1.7.3 | C50: 烟囱基础 | D50: C30(钢筋单列) | E50: 立方米 | F50: 140 | I50: 784.60255 | J50: 260 | K50: 192.5 | L50: =F50*I50 -> 109844.36 | M50: =F50*J50 -> 36400 | N50: =F50*K50 -> 26950 | P50: 同上 | U50: 784.60255 | V50: =I50-U50 -> 0 | W50: =I50-J50 -> 524.60255
A51: 47 | B51: 1.7.4 | C51: 铁水秤基础 | D51: C30(钢筋单列) | E51: 立方米 | F51: 50 | I51: 901.55955 | J51: 260 | K51: 235 | L51: =F51*I51 -> 45077.978 | M51: =F51*J51 -> 13000 | N51: =F51*K51 -> 11750 | P51: 同上 | U51: 901.55955 | V51: =I51-U51 -> 0 | W51: =I51-J51 -> 641.55955
A52: 48 | B52: 1.7.5 | C52: 新建排水沟及盖板 | D52: C30(钢筋单列) | E52: 立方米 | F52: 25 | I52: 980.97019 | J52: 260 | K52: 335 | L52: =F52*I52 -> 24524.255 | M52: =F52*J52 -> 6500 | N52: =F52*K52 -> 8375 | P52: 同上 | U52: 980.97019 | V52: =I52-U52 -> 0 | W52: =I52-J52 -> 720.97019
A53: 49 | B53: 1.7.6 | C53: 轨道衡基础 | D53: C30(钢筋单列) | E53: 立方米 | F53: 300 | I53: 901.55955 | J53: 260 | K53: 235 | L53: =F53*I53 -> 270467.87 | M53: =F53*J53 -> 78000 | N53: =F53*K53 -> 70500 | P53: 同上 | U53: 901.55955 | V53: =I53-U53 -> 0 | W53: =I53-J53 -> 641.55955
A54: 50 | B54: 1.7.7 | C54: 道口板基础 | D54: C40(钢筋单列) | E54: 立方米 | F54: 45 | I54: 947.83435 | J54: 300 | K54: 235 | L54: =F54*I54 -> 42652.546 | M54: =F54*J54 -> 13500 | N54: =F54*K54 -> 10575 | P54: 同上 | U54: 947.83435 | V54: =I54-U54 -> 0 | W54: =I54-J54 -> 647.83435
A55: 51 | B55: 1.7.8 | C55: 以上钢筋 | D55: 各种规格、各种型号、各种材质 | E55: 吨 | F55: 85 | I55: 5161 | J55: 3250 | K55: 850 | L55: =F55*I55 -> 438685 | M55: =F55*J55 -> 276250 | N55: =F55*K55 -> 72250 | P55: 钢筋采购、制作、运输、绑扎安装等全部工作内容 | U55: 5361.3917 | V55: =I55-U55 -> -200.39168 | W55: =I55-J55 -> 1911
A56: 52 | B56: 1.7.9 | C56: 管道支架钢结构 | D56: 各种规格、各种型号、各种材质 | E56: 吨 | F56: 50 | I56: 7251.5786 | J56: 3510 | K56: 2150 | L56: =F56*I56 -> 362578.93 | M56: =F56*J56 -> 175500 | N56: =F56*K56 -> 107500 | P56: 钢结构设计详图设计、材料供货、除锈防腐、制作、探伤、运输、卸车、拼装、吊装、安装、涂漆、接地等全部工作内容 | U56: 7551.5786 | V56: =I56-U56 -> -300 | W56: =I56-J56 -> 3741.5786
A57: 53 | B57: 1.7.10 | C57: 钢烟囱 | D57: 各种规格、各种型号、各种材质 | E57: 吨 | F57: 64 | I57: 7694.0195 | J57: 3911 | K57: 2151 | L57: =F57*I57 -> 492417.25 | M57: =F57*J57 -> 250304 | N57: =F57*K57 -> 137664 | P57: 同上 | U57: 7694.0195 | V57: =I57-U57 -> 0 | W57: =I57-J57 -> 3783.0195
A58: 54 | B58: 1.7.11 | C58: 砖墙 | E58: 立方米 | F58: 29.36 | I58: 1208.7664 | J58: 436 | K58: 520 | L58: =F58*I58 -> 35489.382 | M58: =F58*J58 -> 12800.96 | N58: =F58*K58 -> 15267.2 | P58: 调运砂浆、运砌砖、砌窗台虎头砖、腰线、门窗套、安放木砖、铁件、粉刷、涂料、脚手架等满足施工图、施工规范要求的全部工作内容 | Q58: 主材填报 | U58: 1208.7664 | V58: =I58-U58 -> 0 | W58: =I58-J58 -> 772.7664
A59: 55 | B59: 1.7.12 | C59: 墙基础 | D59: C30(钢筋单列) | E59: 立方米 | F59: 15 | I59: 784.60255 | J59: 260 | K59: 192.5 | L59: =F59*I59 -> 11769.038 | M59: =F59*J59 -> 3900 | N59: =F59*K59 -> 2887.5 | P59: 降水、排水、挖填运土石方(含特殊爆破)、基础垫层、模板安拆堆放、截（接）桩头、填桩芯、预埋铁件（含钢管、套筒、防雷接地极、地脚螺栓等）制安、砼浇捣养护、脚手架搭拆、铁件刷油、浇灌（灌浆）、固定架制安等全部工作内容 | U59: 784.60255 | V59: =I59-U59 -> 0 | W59: =I59-J59 -> 524.60255
A60: 56 | B60: 1.7.13 | C60: 墙基础钢筋 | D60: 各种规格、各种型号、各种材质 | E60: 吨 | F60: 1.12 | I60: 5161 | J60: 3250 | K60: 850 | L60: =F60*I60 -> 5780.32 | M60: =F60*J60 -> 3640 | N60: =F60*K60 -> 952 | P60: 钢筋采购、制作、运输、绑扎安装等全部工作内容 | U60: 5361.3917 | V60: =I60-U60 -> -200.39168 | W60: =I60-J60 -> 1911
A61: 57 | B61: 1.7.14 | C61: 240mm厚砖墙 | E61: 平方米 | F61: 4 | I61: 290.10394 | J61: 105 | K61: 124.8 | L61: =F61*I61 -> 1160.4157 | M61: =F61*J61 -> 420 | N61: =F61*K61 -> 499.2 | P61: 调运砂浆、运砌砖、砌窗台虎头砖、腰线、门窗套、安放木砖、铁件、粉刷、涂料、脚手架等满足施工图、施工规范要求的全部工作内容 | Q61: 主材填报 | U61: 290.10394 | V61: =I61-U61 -> 0 | W61: =I61-J61 -> 185.10394
A62: 58 | B62: 1.7.15 | C62: 4厚钢板 | E62: 平方米 | F62: 4 | I62: 196.05585 | J62: 126.4 | K62: 38.4 | L62: =F62*I62 -> 784.2234 | M62: =F62*J62 -> 505.6 | N62: =F62*K62 -> 153.6 | P62: 钢板供货、铺贴及固定等满足施工图、施工规范要求的全部工作内容 | U62: 196.05585 | V62: =I62-U62 -> 0 | W62: =I62-J62 -> 69.65585
A63: 59 | B63: 1.7.16 | C63: 4mm厚PVC门帘 | E63: 平方米 | F63: 6 | I63: 113.796 | J63: 70 | K63: 20 | L63: =F63*I63 -> 682.776 | M63: =F63*J63 -> 420 | N63: =F63*K63 -> 120 | P63: 材料供货及敷设安装等满足施工图纸及规范要求的全部工作内容 | Q63: 主材填报 | U63: 113.796 | V63: =I63-U63 -> 0 | W63: =I63-J63 -> 43.796
A64: 60 | B64: 1.7.17 | C64: 室外硬化地坪 | D64: 150厚碎石垫层上铺100厚C20细石混凝土 | E64: 平方米 | F64: 1500 | I64: 121.52126 | J64: 32.25 | K64: 25 | L64: =F64*I64 -> 182281.89 | M64: =F64*J64 -> 48375 | N64: =F64*K64 -> 37500 | P64: 降水、排水、挖填运土石方(含特殊爆破)、基础垫层、模板安拆堆放、截（接）桩头、填桩芯、预埋铁件（含钢管、套筒、防雷接地极、地脚螺栓等）制安、砼浇捣养护、脚手架搭拆、铁件刷油、浇灌（灌浆）、固定架制安等全部工作内容 | U64: 121.52126 | V64: =I64-U64 -> 0 | W64: =I64-J64 -> 89.27126
A65: 61 | B65: 1.8 | C65: 地基处理 | I65: 0 | J65: 0 | K65: 0 | L65: =F65*I65 -> 0 | M65: =F65*J65 -> 0 | N65: =F65*K65 -> 0 | U65: 0 | V65: =I65-U65 -> 0 | W65: =I65-J65 -> 0
A66: 62 | B66: 1.8.1 | C66: 钻孔灌注桩 | D66: C30抗渗(钢筋单列) | E66: 立方米 | F66: 731 | I66: 823.89926 | J66: 275 | K66: 100 | L66: =F66*I66 -> 602270.36 | M66: =F66*J66 -> 201025 | N66: =F66*K66 -> 73100 | P66: 降水、排水、机械进出场、安装防护口管、钻孔、就位、挖泥浆沟槽、泥浆运输、钢筋笼放置、灌注水下混凝土、压密注浆、振捣、养护；土石方清理运输弃置；桩基检测、检验、试验、报验等全部工作内容 | U66: 823.89926 | V66: =I66-U66 -> 0 | W66: =I66-J66 -> 548.89926
A67: 63 | B67: 1.8.2 | C67: 钻孔灌注桩钢筋 | D67: 各种规格、各种型号、各种材质 | E67: 吨 | F67: 51.2 | I67: 5161 | J67: 3250 | K67: 850 | L67: =F67*I67 -> 264243.2 | M67: =F67*J67 -> 166400 | N67: =F67*K67 -> 43520 | P67: 钢筋采购、制作、运输、绑扎安装等全部工作内容 | U67: 5361.3917 | V67: =I67-U67 -> -200.39168 | W67: =I67-J67 -> 1911
A68: 64 | B68: 1.8.3 | C68: 地基换填 | D68: 级配砂夹石 | E68: 立方米 | F68: 210 | I68: 193.89574 | J68: 103 | K68: 10 | L68: =F68*I68 -> 40718.105 | M68: =F68*J68 -> 21630 | N68: =F68*K68 -> 2100 | P68: 降水、排水、挖填运土石方、换填材料供货填充、碾压夯实等满足施工图、施工规范要求的全部工作内容 | U68: 193.89574 | V68: =I68-U68 -> 0 | W68: =I68-J68 -> 90.89574
A69: 65 | B69: 2 | C69: 工艺设施 | I69: 0 | J69: 0 | K69: 0 | L69: =SUM(L70:L111) -> 389815.57 | M69: =SUM(M70:M111) -> 88500 | N69: =SUM(N70:N111) -> 206460 | U69: 0 | V69: =I69-U69 -> 0 | W69: =I69-J69 -> 0
A70: 66 | B70: *2.1 | C70: 设备安装 | I70: 0 | J70: 0 | K70: 0 | L70: =F70*I70 -> 0 | M70: =F70*J70 -> 0 | N70: =F70*K70 -> 0 | U70: 0 | V70: =I70-U70 -> 0 | W70: =I70-J70 -> 0
A71: 67 | B71: *2.1.1 | C71: 搅拌头 | E71: 个 | F71: 10 | G71: 4 | H71: 40 | I71: 1133.32 | J71: 0 | K71: 800 | L71: =F71*I71 -> 11333.2 | M71: =F71*J71 -> 0 | N71: =F71*K71 -> 8000 | P71: 接货、开箱清点、场内运输、外观检查、设备清洗、吊装、拼装、联结、安装就位、调整、固定、灌浆、电机检查接线、接地连接及设备本体的单体调试、配合机组联动试车和热负荷试车，以及配合业主办理特种设备、压力管道等报审报验及使用许可证等全部工作内容 | U71: 1033.32 | V71: =I71-U71 -> 100 | W71: =I71-J71 -> 1133.32
A72: 68 | B72: *2.1.2 | C72: 搅拌头旋转装置 | E72: 套 | F72: 2 | G72: 16 | H72: 32 | I72: 1133.32 | J72: 0 | K72: 800 | L72: =F72*I72 -> 2266.64 | M72: =F72*J72 -> 0 | N72: =F72*K72 -> 1600 | P72: 同上 | U72: 1033.32 | V72: =I72-U72 -> 100 | W72: =I72-J72 -> 1133.32
A73: 69 | B73: *2.1.3 | C73: 搅拌头升降装置 | E73: 套 | F73: 2 | G73: 10.5 | H73: 21 | I73: 1133.32 | J73: 0 | K73: 800 | L73: =F73*I73 -> 2266.64 | M73: =F73*J73 -> 0 | N73: =F73*K73 -> 1600 | P73: 同上 | U73: 1033.32 | V73: =I73-U73 -> 100 | W73: =I73-J73 -> 1133.32
A74: 70 | B74: *2.1.4 | C74: 升降导轨及框架 | E74: 套 | F74: 2 | G74: 15.5 | H74: 31 | I74: 1133.32 | J74: 0 | K74: 800 | L74: =F74*I74 -> 2266.64 | M74: =F74*J74 -> 0 | N74: =F74*K74 -> 1600 | P74: 同上 | U74: 1033.32 | V74: =I74-U74 -> 100 | W74: =I74-J74 -> 1133.32
A75: 71 | B75: *2.1.5 | C75: 称量斗 | E75: 套 | F75: 2 | G75: 1.5 | H75: 3 | I75: 1133.32 | J75: 0 | K75: 800 | L75: =F75*I75 -> 2266.64 | M75: =F75*J75 -> 0 | N75: =F75*K75 -> 1600 | P75: 同上 | U75: 1033.32 | V75: =I75-U75 -> 100 | W75: =I75-J75 -> 1133.32
A76: 72 | B76: *2.1.6 | C76: 电动升降溜槽 | E76: 套 | F76: 2 | G76: 2 | H76: 4 | I76: 1133.32 | J76: 0 | K76: 800 | L76: =F76*I76 -> 2266.64 | M76: =F76*J76 -> 0 | N76: =F76*K76 -> 1600 | P76: 同上 | U76: 1033.32 | V76: =I76-U76 -> 100 | W76: =I76-J76 -> 1133.32
A77: 73 | B77: *2.1.7 | C77: 翻转检修平台 | E77: 套 | F77: 2 | G77: 0.5 | H77: 1 | I77: 1133.32 | J77: 0 | K77: 800 | L77: =F77*I77 -> 2266.64 | M77: =F77*J77 -> 0 | N77: =F77*K77 -> 1600 | P77: 同上 | U77: 1033.32 | V77: =I77-U77 -> 100 | W77: =I77-J77 -> 1133.32
A78: 74 | B78: *2.1.8 | C78: 搅拌头更换小车 | E78: 套 | F78: 2 | G78: 2.5 | H78: 5 | I78: 1133.32 | J78: 0 | K78: 800 | L78: =F78*I78 -> 2266.64 | M78: =F78*J78 -> 0 | N78: =F78*K78 -> 1600 | P78: 同上 | U78: 1033.32 | V78: =I78-U78 -> 100 | W78: =I78-J78 -> 1133.32
A79: 75 | B79: *2.1.9 | C79: 翻板轨道 | E79: 套 | F79: 2 | G79: 2 | H79: 4 | I79: 1133.32 | J79: 0 | K79: 800 | L79: =F79*I79 -> 2266.64 | M79: =F79*J79 -> 0 | N79: =F79*K79 -> 1600 | P79: 同上 | U79: 1033.32 | V79: =I79-U79 -> 100 | W79: =I79-J79 -> 1133.32
A80: 76 | B80: *2.1.10 | C80: 吹气赶渣装置 | E80: 套 | F80: 2 | G80: 2.5 | H80: 5 | I80: 1133.32 | J80: 0 | K80: 800 | L80: =F80*I80 -> 2266.64 | M80: =F80*J80 -> 0 | N80: =F80*K80 -> 1600 | P80: 同上 | U80: 1033.32 | V80: =I80-U80 -> 100 | W80: =I80-J80 -> 1133.32
A81: 77 | B81: *2.1.11 | C81: 搅拌头吊具 | E81: 套 | F81: 2 | G81: 0.1 | H81: 0.2 | I81: 1133.32 | J81: 0 | K81: 800 | L81: =F81*I81 -> 2266.64 | M81: =F81*J81 -> 0 | N81: =F81*K81 -> 1600 | P81: 同上 | U81: 1033.32 | V81: =I81-U81 -> 100 | W81: =I81-J81 -> 1133.32
A82: 78 | B82: *2.1.12 | C82: 铁水倾翻车防尘门 | E82: 套 | F82: 2 | G82: 4 | H82: 8 | I82: 1133.32 | J82: 0 | K82: 800 | L82: =F82*I82 -> 2266.64 | M82: =F82*J82 -> 0 | N82: =F82*K82 -> 1600 | P82: 同上 | U82: 1033.32 | V82: =I82-U82 -> 100 | W82: =I82-J82 -> 1133.32
... A98: 94 | B98: *2.1.28 | C98: 渣罐车 | E98: 台 | F98: 2 | G98: 18 | H98: 36 | I98: 665 | J98: 0 | K98: 500 | L98: =F98*I98 -> 1330 | M98: =F98*J98 -> 0 | N98: =F98*K98 -> 1000 | P98: 同上 | U98: 645.825 | V98: =I98-U98 -> 19.175 | W98: =I98-J98 -> 665
A99: 95 | B99: *2.1.29 | C99: 扒渣机 | E99: 套 | F99: 2 | I99: 3483.3 | J99: 0 | K99: 2000 | L99: =F99*I99 -> 6966.6 | M99: =F99*J99 -> 0 | N99: =F99*K99 -> 4000 | P99: 同上 | U99: 2583.3 | V99: =I99-U99 -> 900 | W99: =I99-J99 -> 3483.3
A100: 96 | B100: *2.1.30 | C100: 测温取样机器人 | E100: 套 | F100: 2 | I100: 4874.95 | J100: 0 | K100: 3000 | L100: =F100*I100 -> 9749.9 | M100: =F100*J100 -> 0 | N100: =F100*K100 -> 6000 | P100: 同上 | U100: 3874.95 | V100: =I100-U100 -> 1000 | W100: =I100-J100 -> 4874.95
A101: 97 | B101: *2.1.31 | C101: 120t铁水包 | E101: 套 | F101: 32 | G101: 25 | H101: 800 | I101: 153.332 | J101: 0 | K101: 80 | L101: =F101*I101 -> 4906.624 | M101: =F101*J101 -> 0 | N101: =F101*K101 -> 2560 | P101: 接货、开箱清点、场内运输、外观检查、存放在指定位置保管等全部工作内容 | U101: 103.332 | V101: =I101-U101 -> 50 | W101: =I101-J101 -> 153.332
A102: 98 | B102: *2.1.32 | C102: 金属软管 | E102: 套 | F102: 2 | G102: 0.2 | H102: 0.4 | I102: 387.495 | J102: 0 | K102: 300 | L102: =F102*I102 -> 774.99 | M102: =F102*J102 -> 0 | N102: =F102*K102 -> 600 | P102: 量尺寸、断管、连接接头、钻眼、攻丝、固定等全部工作内容 | U102: 387.495 | V102: =I102-U102 -> 0 | W102: =I102-J102 -> 387.495
A103: 99 | B103: *2.1.33 | C103: 160t铸造起重机龙门钩 | E103: 套 | F103: 2 | I103: 25833 | J103: 0 | K103: 20000 | L103: =F103*I103 -> 51666 | M103: =F103*J103 -> 0 | N103: =F103*K103 -> 40000 | P103: 接货、开箱清点、场内运输、外观检查、设备清洗、吊装、拼装、联结、接地、安装就位、电机检查接线、调整、固定及设备本体的单体调试、空负荷试车、配合机组热负荷试车，以及通过特种设备报验，取得运行合格证书等全部工作内容 | U103: 25833 | V103: =I103-U103 -> 0 | W103: =I103-J103 -> 25833
A104: 100 | B104: *2.1.34 | C104: 16t双梁通用桥式起重机 | E104: 个 | F104: 1 | I104: 55666 | J104: 0 | K104: 40000 | L104: =F104*I104 -> 55666 | M104: =F104*J104 -> 0 | N104: =F104*K104 -> 40000 | P104: 同上 | U104: 51666 | V104: =I104-U104 -> 4000 | W104: =I104-J104 -> 55666
A105: 101 | B105: *2.1.35 | C105: 3t扒渣板更换电动葫芦 | E105: 个 | F105: 2 | I105: 7458.25 | J105: 0 | K105: 5000 | L105: =F105*I105 -> 14916.5 | M105: =F105*J105 -> 0 | N105: =F105*K105 -> 10000 | P105: 接货、开箱清点、场内运输、外观检查、设备清洗、吊装、拼装、联结、接地、安装就位、调整、固定、配套电气材料供货及安装、设备本体的单体调试、空负荷试车、配合机组热负荷试车，以及通过特种设备报验，取得运行合格证书等全部工作内容 | U105: 6458.25 | V105: =I105-U105 -> 1000 | W105: =I105-J105 -> 7458.25
A106: 102 | B106: *2.1.36 | C106: 1t吹气赶渣枪更换电动葫芦 | E106: 个 | F106: 2 | I106: 1420.815 | J106: 0 | K106: 1100 | L106: =F106*I106 -> 2841.63 | M106: =F106*J106 -> 0 | N106: =F106*K106 -> 2200 | P106: 同上 | U106: 1420.815 | V106: =I106-U106 -> 0 | W106: =I106-J106 -> 1420.815
A107: 103 | B107: *2.1.37 | C107: 行车恢复安装 | D107: 16t | E107: 套 | F107: 1 | I107: 55666 | J107: 0 | K107: 40000 | L107: =F107*I107 -> 55666 | M107: =F107*J107 -> 0 | N107: =F107*K107 -> 40000 | P107: 同上 | U107: 51666 | V107: =I107-U107 -> 4000 | W107: =I107-J107 -> 55666
A108: 104 | B108: *2.1.38 | C108: 3t起重机检修电动葫芦 | E108: 个 | F108: 1 | I108: 1820.815 | J108: 0 | K108: 1100 | L108: =F108*I108 -> 1820.815 | M108: =F108*J108 -> 0 | N108: =F108*K108 -> 1100 | P108: 同上 | U108: 1420.815 | V108: =I108-U108 -> 400 | W108: =I108-J108 -> 1820.815
A109: 105 | B109: 2.2 | C109: 材料及安装 | I109: 0 | J109: 0 | K109: 0 | L109: =F109*I109 -> 0 | M109: =F109*J109 -> 0 | N109: =F109*K109 -> 0 | U109: 0 | V109: =I109-U109 -> 0 | W109: =I109-J109 -> 0
A110: 106 | B110: 2.2.1 | C110: 耐火砖 | D110: 高铝砖、硅碳砖‌、镁碳砖；1550℃ | E110: 立方米 | F110: 9 | I110: 2324.97 | J110: 1500 | K110: 300 | L110: =F110*I110 -> 20924.73 | M110: =F110*J110 -> 13500 | N110: =F110*K110 -> 2700 | P110: 供货，接货、开箱清点、运输、检（试）验、（含外观、理化等检、试验）、砌筑（含预砌筑、预组装、选砖、机械集中磨砖、机械集中切砖）、二次勾缝吹风清扫、镶铁件、模板装拆等全部工作内容 | U110: 2324.97 | V110: =I110-U110 -> 0 | W110: =I110-J110 -> 824.97
A111: 107 | B111: 2.2.2 | C111: 不锈钢液压中间配管 | D111: 各种规格、各种型号、各种材质 | E111: 吨 | F111: 2.5 | I111: 39199.863 | J111: 30000 | K111: 3800 | L111: =F111*I111 -> 97999.657 | M111: =F111*J111 -> 75000 | N111: =F111*K111 -> 9500 | P111: 管道、管件及材料性阀门供货及安装、管支架及管夹制作安装、水冲洗及水试漏，管道酸洗、碱洗、预膜、脱脂、水冲洗、钝化、管道吹扫，系统油冲洗，油压试验，冲洗用油（分包方供货）、滤芯及酸洗、冲洗用的临时设施安装及拆除、接地、标识等全部工作内容 | U111: 39199.863 | V111: =I111-U111 -> 0 | W111: =I111-J111 -> 9199.8629
A112: 108 | B112: 3 | C112: 燃气设施 | I112: 0 | J112: 0 | K112: 0 | L112: =SUM(L113:L125) -> 113825.81 | M112: =SUM(M113:M125) -> 54500 | N112: =SUM(N113:N125) -> 35340 | U112: 0 | V112: =I112-U112 -> 0 | W112: =I112-J112 -> 0
A113: 109 | B113: *3.1 | C113: 设备安装 | I113: 0 | J113: 0 | K113: 0 | L113: =F113*I113 -> 0 | M113: =F113*J113 -> 0 | N113: =F113*K113 -> 0 | U113: 0 | V113: =I113-U113 -> 0 | W113: =I113-J113 -> 0
A114: 110 | B114: *3.1.1 | C114: 氮气球阀 | D114: DN125 | E114: 个 | F114: 1 | I114: 118.15938 | J114: 0 | K114: 150 | L114: =F114*I114 -> 118.15938 | M114: =F114*J114 -> 0 | N114: =F114*K114 -> 150 | P114: 接货、开箱清点、场内运输、外观检查、设备清洗、吊装、拼装、联结、安装就位、调整、固定、防雷接地、灌浆、电机检查接线、接地连接及设备本体的单体调试、配合机组联动试车和热负荷试车，以及配合业主办理特种设备、压力管道等报审及使用许可证等全部工作内容 | Q114: =I114*1.048 -> 123.83103 | U114: 112.7475 | V114: =I114-U114 -> 5.41188 | W114: =I114-J114 -> 118.15938
A115: 111 | B115: *3.1.2 | C115: 氮气球阀 | D115: DN100 | E115: 个 | F115: 4 | I115: 169.20615 | J115: 0 | K115: 125 | L115: =F115*I115 -> 676.8246 | M115: =F115*J115 -> 0 | N115: =F115*K115 -> 500 | P115: 同上 | Q115: =I115*1.048 -> 177.32805 | U115: 161.45625 | V115: =I115-U115 -> 7.7499 | W115: =I115-J115 -> 169.20615
...

Sheet 表3
A1: 表3 工程量清单偏差报价表
A2: 表3 工程量清单偏差报价表（分标段）
A3: 序号 | B3: 工程项目及费用名称 | C3: 规格型号 | D3: 单位 | E3: 重量(t) | G3: 单价（元） | J3: 合价（元） | M3: 主材损耗率%
E4: 单重 | F4: 总 重 | G4: 综合单价(元) | H4: 其中：主材单价 | J4: 合价(元) | K4: 其中：主材合价 | L4: 其中
I5: 其中 | L5: ：人工费
I6: ：人工费
B7: 无
B15: 合计（结转至表1报价汇总表）
A16: 注：没有偏差，请在此表中写无。如有偏差，只填写对应的子项号、工程项目及费用名称及其内容。

Sheet 表4
A1: 表4. 现场因素、施工技术措施及施工措施费用报价表
A2: 表4 现场因素、施工技术措施及施工措施费用报价表（分标段）
A3: 序号 | B3: 计价内容及计算过程 | C3: 金额，元 | D3: 备注
A4: 无
A11: 共 页，本页小计 0 元
A12: 合计
A13: 税金
A14: 合计 0元（结转至表1报价汇总表）
A16: 投标单位：（盖章）
A17: 法定代表人：（签字、盖章）
A18: 日期 ： 年 月 日

Sheet 表5
A1: 表5 安全文明施工费
A2: 标段 | B2: 序号 | C2: 工程项目及费用名称 | D2: 单位 | E2: 数量 | F2: 单价(元） | G2: 总价（元） | H2: 备注
A3: 辛集澳森2#连铸机改造工程 (安装标段) | B3: 1 | C3: 环境保护 | G3: =G14*0.15 -> 183576.45
C4: 烟尘处理设备采购、使用
B5: 2 | C5: 安全生产/施工 | G5: =G14*0.3 -> 367152.9 | H5: 明细详见表6
B8: 3 | C8: 文明施工 | G8: =G14*0.3 -> 367152.9
C9: 办公、生活区卫生
C10: 材料堆放区整理、标准化标识
B11: 4 | C11: 临时设施 | G11: =G14*0.25 -> 305960.75
C12: 施工场地围栏、围挡
C13: 现场办公、材料堆放区设施
C14: 合计 | G14: =ROUND(表1汇总表!D21,0) -> 1223843
A15: 投标单位：（盖章）
A16: 法定代表人：（签字、盖章）
A17: 日期 ： 年 月 日

Sheet 表6
A1: 表6 安全生产费用清单
A2: 安全生产费用清单
A3: 类别 | B3: 明细 | C3: 单位 | D3: 数量 | E3: 单价（元） | F3: 金额（元） | G3: 备注
A4: 一、完善、改造和维护安全防护设施设备支出（不含“三同时”要求初期投入的安全设施），包括施工现场临时用电系统、洞口、临边、机械设备安全装置、高处作业防护、交叉作业防护、防火、防爆、防尘、防毒、防雷、防台风、防地质灾害、安全警示牌和标识牌、安全图板、安全防护棚、围挡、地下工程有害气体监测、通风、临时安全防护等设施设备支出，简称为“安全设施费” | B4: 临时临边防护栏 | C4: m | D4: 450 | E4: 65 | F4: =E4*D4 -> 29250
B5: 孔洞盖板 | C5: m2 | D5: 100 | E5: 150 | F5: =E5*D5 -> 15000
B6: 密目网 | C6: m2 | D6: 807 | E6: 15 | F6: =E6*D6 -> 12105
B7: 防坠网 | C7: m2 | D7: 200 | E7: 10 | F7: =E7*D7 -> 2000
B8: 防坠器 | C8: 个
B9: 安全绳（φ12mm） | C9: m | D9: 300 | E9: 2.5 | F9: =E9*D9 -> 750
B10: 轴流风机 | C10: 台 | D10: 15 | E10: 310 | F10: =E10*D10 -> 4650
B11: 施工围挡 | C11: m | D11: 150 | E11: 110 | F11: =E11*D11 -> 16500 | G11: 规格参照标准化手册
B12: 文明施工图牌 | C12: 块 | D12: 13 | E12: 160 | F12: =E12*D12 -> 2080
B13: 室内责任制牌 | C13: 块 | D13: 13 | E13: 160 | F13: =E13*D13 -> 2080
B14: 安全警示牌 | C14: 块 | D14: 15 | E14: 160 | F14: =E14*D14 -> 2400
B15: 气瓶固定装置（拖车） | C15: 个 | D15: 10 | E15: 120 | F15: =E15*D15 -> 1200
B16: 临电配电箱 | C16: 箱 | D16: 10 | E16: 1000 | F16: =E16*D16 -> 10000
B17: 临电配电线路 | C17: 米 | D17: 200 | E17: 20 | F17: =E17*D17 -> 4000
B18: ······ | F18: =E18*D18 -> 0
A19: 二、配备、维护、保养应急救援器材、设备支出和应急救援队伍建设、应急预案制定与应急演练支出，简称为“应急救援费” | B19: 灭火器 | C19: 具 | D19: 20 | E19: 70 | F19: =E19*D19 -> 1400
B20: 应急演练 | C20: 次 | D20: 20 | E20: 400 | F20: =E20*D20 -> 8000
B21: 应急药包 | C21: 个 | D21: 20 | E21: 200 | F21: =E21*D21 -> 4000
B22: ······ | F22: =E22*D22 -> 0
A23: 三、开展重大危险源检测、评估、监控支出，安全生产风险分级管控和事故隐患整改支出，安全生产信息化建设、运维支出，简称为“风险控制费” | B23: 隐患整改费用 | C23: 次 | D23: 40 | E23: 3000 | F23: =E23*D23 -> 120000
B24: ······ | F24: =E24*D24 -> 0
A25: 四、安全生产检查、评价（不包括新建、改建、扩建项目安全评价）、咨询和标准化建设支出，简称为“检查评价费” | B25: 检查支出 | C25: 次 | D25: 40 | E25: 1000 | F25: =E25*D25 -> 40000
B26: ······ | F26: =E26*D26 -> 0
A27: 五、配备和更新现场作业人员安全防护用品支出，简称为“防护用品费” | B27: 工作服 | C27: 套 | D27: 150 | E27: =60+53.548 -> 113.548 | F27: =E27*D27 -> 17032.2
B28: 安全帽 | C28: 顶 | D28: 150 | E28: 35 | F28: =E28*D28 -> 5250
B29: 劳保鞋 | C29: 双 | D29: 150 | E29: 35 | F29: =E29*D29 -> 5250
B30: 安全带 | C30: 副 | D30: 150 | E30: 30 | F30: =E30*D30 -> 4500
B31: 焊工手套 | C31: 双 | D31: 150 | E31: 5 | F31: =E31*D31 -> 750
B32: 焊工面罩 | C32: 个 | D32: 150 | E32: 50 | F32: =E32*D32 -> 7500
B33: 护目镜 | C33: 个 | D33: 150 | E33: 10 | F33: =E33*D33 -> 1500
B34: 电工手套 | C34: 双 | D34: 150 | E34: 5 | F34: =E34*D34 -> 750
B35: 电工绝缘劳保鞋 | C35: 双 | D35: 150 | E35: 50 | F35: =E35*D35 -> 7500
B36: 普通手套 | C36: 双 | D36: 150 | E36: 3 | F36: =E36*D36 -> 450
B37: 工业防尘口罩 | C37: 个 | D37: 150 | E37: 2 | F37: =E37*D37 -> 300
B38: 耳塞 | C38: 对 | D38: 150 | E38: 3 | F38: =E38*D38 -> 450
B39: ······ | F39: =E39*D39 -> 0
A40: 六、安全生产宣传、教育、培训和从业人员发现并报告事故隐患的奖励支出，简称为“宣传教育费” | B40: 培训费 | C40: 人 | D40: 150 | E40: 30 | F40: =E40*D40 -> 4500
B41: 资料费 | C41: 人 | D41: 150 | E41: 30 | F41: =E41*D41 -> 4500
B42: 安全宣传横幅 | C42: 米 | D42: 30 | E42: 10 | F42: =E42*D42 -> 300
B43: 道旗 | C43: 个 | D43: 30 | E43: 32 | F43: =E43*D43 -> 960
B44: ······ | F44: =E44*D44 -> 0
A45: 七、安全生产适用的新技术、新标准、新工艺、新装备的推广应用支出，简称为“四新应用费” | F45: =E45*D45 -> 0
F46: =E46*D46 -> 0
A47: 八、安全设施及特种设备检测检验支出，简称为“设施检验费” | B47: 气体报警仪标定 | C47: 台 | D47: 10 | E47: 260 | F47: =E47*D47 -> 2600
B48: ······ | F48: =E48*D48 -> 0
A49: 九、安全生产责任保险支出，简称为“安全保险费” | B49: 安全生产责任险 | C49: 人 | D49: 150 | E49: 210 | F49: =E49*D49 -> 31500
B50: ······ | F50: =E50*D50 -> 0
A51: 十、其他与安全生产直接相关的支出，包含安全生产活动开展费用，包括但不限于安全生产类启动仪式、行为安全之星、青年安全示范岗等；安全生产课题研究费用；安全生产体系运行费用；其他与安全生产直接相关的费用的支出，简称为“其他安全费”。 | B51: 防暑药品 | C51: 人份 | D51: 150 | E51: 16 | F51: =E51*D51 -> 2400
B52: 医用口罩 | C52: 个 | D52: 150 | E52: 2 | F52: =E52*D52 -> 300
B53: 医用酒精 | C53: L | D53: 30 | E53: 9 | F53: =E53*D53 -> 270
B54: ······ | F54: =E54*D54 -> 0
F55: =ROUND(SUM(F4:F54),0) -> 373977
A56: 总计
A57: 注：1.明细由各分包单位按照国家及规范要求列出。

Sheet Sheet1
A1: 流水号 | B1: 序号 | C1: 工程或费用名称 | D1: 规格型号 | E1: 单位 | F1: 数 量 | G1: 重量(吨) | H1: 列1 | I1: 综合单价 | J1: 主材单价 | K1: 人工费 | L1: 总计 | M1: 主材总价 | N1: 人工费总价 | O1: 主材损耗率% | P1: 工作内容
A2: 0 | B2: 1 | C2: 土建设施 | L2: 11828964 | M2: 5370095.7 | N2: 2938281.7
A3: 1 | B3: 1.1 | C3: 新建脱硫主厂房
A4: 2 | B4: 1.1.1 | C4: 脱硫厂房基础 | D4: C30(钢筋单列) | E4: 立方米 | F4: 120 | I4: 794.40165 | J4: 260 | K4: 192.5 | L4: 95328.198 | M4: 31200 | N4: 23100 | P4: 降水、排水、挖填运土石方(含特殊爆破)、基础垫层、模板安拆堆放、截（接）桩头、填桩芯、预埋铁件（含钢管、套筒、防雷接地极、地脚螺栓等）制安、砼浇捣养护、脚手架搭拆、铁件刷油、浇灌（灌浆）、固定架制安等全部工作内容
A5: 3 | B5: 1.1.2 | C5: 脱硫厂房基础钢筋 | D5: 各种规格、各种型号、各种材质 | E5: 吨 | F5: 9 | I5: 5161 | J5: 3250 | K5: 850 | L5: 46449 | M5: 29250 | N5: 7650 | P5: 钢筋采购、制作、运输、绑扎安装等全部工作内容
A6: 4 | B6: 1.1.3 | C6: 脱硫主厂房钢结构 | D6: 各种规格、各种型号、各种材质 | E6: 吨 | F6: 209 | I6: 7251.5786 | J6: 3510 | K6: 2150 | L6: 1515579.9 | M6: 733590 | N6: 449350 | P6: 钢结构设计详图设计、材料供货、除锈防腐、制作、探伤、运输、卸车、拼装、吊装、安装、涂漆、接地等全部工作内容
A7: 5 | B7: 1.1.4 | C7: 屋面彩板 | D7: 屋面采用0.8mm厚单层YX130-333-666（角驰III）型彩色压型钢板 | E7: 平方米 | F7: 1536 | I7: 127.02185 | J7: 72 | K7: 22 | L7: 195105.56 | M7: 110592 | N7: 33792 | P7: 墙屋面板(含异型板、零配件)排版、制作、运输、安装等施工图、施工规范要求的全部工作内容
A8: 6 | B8: 1.1.5 | C8: 雨棚彩板 | D8: 0.8厚V125彩钢板 | E8: 平方米 | F8: 22.32 | I8: 115.60868 | J8: 63.5 | K8: 22 | L8: 2580.3857 | M8: 1417.32 | N8: 491.04 | P8: 同上
A9: 7 | B9: 1.1.6 | C9: 外墙彩板 | D9: 0.6厚V125彩钢板 | E9: 平方米 | F9: 3410 | I9: 108.15325 | J9: 50.5 | K9: 22 | L9: 368802.57 | M9: 172205 | N9: 75020 | P9: 同上
A10: 8 | B10: 1.1.7 | C10: 外墙采光板 | D10: 1.5mm厚FRP一级阻燃型增强玻璃钢釆光板，板型同墙面 | E10: 平方米 | F10: 420 | I10: 57.200113 | J10: 20 | K10: 22 | L10: 24024.048 | M10: 8400 | N10: 9240 | P10: 同上
A11: 9 | B11: 1.1.8 | C11: TPO防水卷材 | D11: 1.5厚，燃烧性能等级不低于B2，卷材随波形铺设。 | E11: 平方米 | F11: 1558.32 | I11: 64.015136 | J11: 41 | K11: 10 | L11: 99756.066 | M11: 63891.12 | N11: 15583.2 | P11: 基层处理、涂刷基层处理剂、卷材铺设、收口密封、成品保护等全部工作内容
A12: 10 | B12: 1.1.9 | C12: 砖墙 | D12: 烧结普通砖 | E12: 立方米 | F12: 30 | I12: 1208.7664 | J12: 436 | K12: 520 | L12: 36262.992 | M12: 13080 | N12: 15600 | P12: 调运砂浆、运砌砖、砌窗台虎头砖、腰线、门窗套、安放木砖、铁件、粉刷、涂料、脚手架等满足施工图、施工规范要求的全部工作内容
A13: 11 | B13: 1.1.10 | C13: 电动钢卷帘门 | D13: 高5m，宽4m，钢制卷帘门 | E13: 平方米 | F13: 36 | I13: 261.71961 | J13: 200 | K13: 30 | L13: 9421.906 | M13: 7200 | N13: 1080 | P13: 材料供货及敷设安装等满足施工图纸及规范要求的全部工作内容
A14: 12 | B14: 1.1.11 | C14: 钢制防盗门 | D14: 50mm厚 | E14: 平方米 | F14: 12.32 | I14: 495.68956 | J14: 330 | K14: 100 | L14: 6106.8953 | M14: 4065.6 | N14: 1232 | P14: 同上
A15: 13 | B15: 1.1.12 | C15: 铝合金推拉窗 | E15: 平方米 | F15: 90 | I15: 298.19699 | J15: 210 | K15: 50 | L15: 26837.729 | M15: 18900 | N15: 4500 | P15: 同上
A16: 14 | B16: 1.1.13 | C16: 散水 | D16: 1、80厚C20混凝土面层,撤1:1水泥砂子压实赶光；2、150厚粒径10~40砾石灌M2.5混合砂浆或150厚3:7灰土 夯实,宽出面层100；3、压实填土,压实系数>93%,向外坡3%~5% | E16: 平方米 | F16: 124.8 | I16: 71.699369 | J16: 17.2 | K16: 20 | L16: 8948.0812 | M16: 2146.56 | N16: 2496 | P16: 降水、排水、挖运填土石方、铺设垫层、夯实、模板安拆、浇筑混凝土面层抹灰压实、养护等全部工作内容
A17: 15 | B17: 1.1.14 | C17: 建筑地坪 | D17: 150厚C20素混凝土，垫层300厚碎石 | E17: 平方米 | F17: 700 | I17: 121.52126 | J17: 32.25 | K17: 25 | L17: 85064.882 | M17: 22575 | N17: 17500 | P17: 降水、排水、挖填运土石方(含特殊爆破)、基础垫层、造型砼、模板安拆堆放、截（接）桩头、填桩芯、预埋铁件（含钢管、套筒、防雷接地极、地脚螺栓等）制安、砼浇捣养护、脚手架搭拆、铁件刷油、浇灌（灌浆）、固定架制安等全部工作内容
A18: 16 | B18: 1.2 | C18: 脱硫站平台 | I18: 0 | J18: 0 | K18: 0 | L18: 0 | M18: 0 | N18: 0
A19: 17 | B19: 1.2.1 | C19: 脱硫平台柱基础 | D19: C30(钢筋单列) | E19: 立方米 | F19: 130 | I19: 784.60255 | J19: 260 | K19: 192.5 | L19: 101998.33 | M19: 33800 | N19: 25025 | P19: 降水、排水、挖填运土石方(含特殊爆破)、基础垫层、模板安拆堆放、截（接）桩头、填桩芯、预埋铁件（含钢管、套筒、防雷接地极、地脚螺栓等）制安、砼浇捣养护、脚手架搭拆、铁件刷油、浇灌（灌浆）、固定架制安等全部工作内容
A20: 18 | B20: 1.2.2 | C20: 脱硫站平台钢筋混凝土框架 | D20: C30耐热钢筋混凝土，耐热温度250度(钢筋单列) | E20: 立方米 | F20: 314 | I20: 1499.6903 | J20: 570.75 | K20: 415 | L20: 470902.75 | M20: 179215.5 | N20: 130310 | P20: 同上
A21: 19 | B21: 1.2.3 | C21: 以上钢筋 | D21: 各种规格、各种型号、各种材质 | E21: 吨 | F21: 60 | I21: 5161 | J21: 3250 | K21: 850 | L21: 309660 | M21: 195000 | N21: 51000 | P21: 钢筋采购、制作、运输、绑扎安装等全部工作内容
A22: 20 | B22: 1.2.4 | C22: 脱硫站平台钢结构 | D22: 各种规格、各种型号、各种材质 | E22: 吨 | F22: 408 | I22: 7251.5786 | J22: 3510 | K22: 2150 | L22: 2958644.1 | M22: 1432080 | N22: 877200 | P22: 钢结构设计详图设计、材料供货、除锈防腐、隔热、制作、探伤、运输、卸车、拼装、吊装、安装、涂漆、接地等全部工作内容
A23: 21 | B23: 1.2.5 | C23: 高位料仓 | D23: 各种规格、各种型号、各种材质 | E23: 吨 | F23: 15 | I23: 7691.5802 | J23: 3910 | K23: 2150 | L23: 115373.7 | M23: 58650 | N23: 32250 | P23: 同上
A24: 22 | B24: 1.2.6 | C24: 平台隔热喷涂料 | D24: 隔热板下部及侧向外表面喷涂 50mm厚隔热材料, 要求耐火度不小于700度，材料容重不大于1t/m3 | E24: m³ | F24: 25 | I24: 4678.28 | J24: 2200 | K24: 1500 | L24: 116957 | M24: 55000 | N24: 37500 | P24: 供货、接货、开箱清点、场内运输、检、试验、（含外观、理化等检、试验）、铺贴喷隔热材料及配套的固定件、清理表面等全部工作内容
A25: 23 | B25: 1.2.7 | C25: 耐火砖 | D25: 高铝砖、硅碳砖‌、镁碳砖；1550℃ | E25: 立方米 | F25: 30 | I25: 2275.92 | J25: 1500 | K25: 300 | L25: 68277.6 | M25: 45000 | N25: 9000 | P25: 供货，接货、开箱清点、运输、检（试）验、（含外观、理化等检、试验）、砌筑（含预砌筑、预组装、选砖、机械集中磨砖、机械集中切砖）、二次勾缝吹风清扫、镶铁件、模板装拆等全部工作内容
A26: 24 | B26: 1.3 | C26: 脱硫站轨道及基础 | I26: 0 | J26: 0 | K26: 0 | L26: 0 | M26: 0 | N26: 0
A27: 25 | B27: 1.3.1 | C27: 轨道基础 | D27: C30(钢筋单列) | E27: 立方米 | F27: 495 | I27: 901.55955 | J27: 260 | K27: 235 | L27: 446271.98 | M27: 128700 | N27: 116325 | P27: 降水、排水、挖填运土石方(含特殊爆破)、基础垫层、模板安拆堆放、截（接）桩头、填桩芯、预埋铁件（含钢管、套筒、防雷接地极、地脚螺栓等）制安、砼浇捣养护、脚手架搭拆、铁件刷油、浇灌（灌浆）、固定架制安等全部工作内容
A28: 26 | B28: 1.3.2 | C28: 轨道基础钢筋 | D28: 各种规格、各种型号、各种材质 | E28: 吨 | F28: 59.4 | I28: 5161 | J28: 3250 | K28: 850 | L28: 306563.4 | M28: 193050 | N28: 50490 | P28: 钢筋采购、制作、运输、绑扎安装等全部工作内容
A29: 27 | B29: 1.3.3 | C29: 地面钢轨 | D29: 各种规格、各种型号、各种材质 | E29: 吨 | F29: 23.27 | I29: 8055.235 | J29: 4600 | K29: 1300 | L29: 187445.32 | M29: 107042 | N29: 30251 | P29: 矫直、切割、坡口、吊装、手下工焊接、找正、连接接头、压轨器(含主材)供货及安装、车挡制作、接地安装等全部工作内容
A30: 28 | B30: 1.3.4 | C30: 电缆卷筒钢平台 | D30: 各种规格、各种型号、各种材质 | E30: 吨 | F30: 2 | I30: 7551.5786 | J30: 3910 | K30: 2150 | L30: 15103.157 | M30: 7820 | N30: 4300 | P30: 钢结构设计详图设计、材料供货、除锈防腐、制作、探伤、运输、卸车、拼装、吊装、安装、涂漆、接地等全部工作内容
A31: 29 | B31: 1.4 | C31: 新建参观通道 | I31: 0 | J31: 0 | K31: 0 | L31: 0 | M31: 0 | N31: 0
A32: 30 | B32: 1.4.1 | C32: 精炼炉及脱硫走道钢平台 | D32: 各种规格、各种型号、各种材质 | E32: 吨 | F32: 14 | I32: 7551.5786 | J32: 3910 | K32: 2150 | L32: 105722.1 | M32: 54740 | N32: 30100 | P32: 钢结构设计详图设计、材料供货、除锈防腐、制作、探伤、运输、卸车、拼装、吊装、安装、涂漆、接地等全部工作内容
A33: 31 | B33: 1.4.2 | C33: 屋面彩板 | D33: 0.8厚V125彩钢板 | E33: 平方米 | F33: 60 | I33: 127.02185 | J33: 72 | K33: 22 | L33: 7621.3109 | M33: 4320 | N33: 1320 | P33: 墙屋面板(含异型板、零配件)排版、制作、运输、安装等施工图、施工规范要求的全部工作内容
A34: 32 | B34: 1.4.3 | C34: 墙面彩板 | D34: 0.6厚V125彩钢板 | E34: 平方米 | F34: 30 | I34: 115.60868 | J34: 63.5 | K34: 22 | L34: 3468.2604 | M34: 1905 | N34: 660 | P34: 同上
A35: 33 | B35: 1.4.4 | C35: 钢化玻璃隔断 | D35: 单层钢化玻璃，不小于6mm | E35: 平方米 | F35: 120 | I35: 584.19756 | J35: 330 | K35: 120 | L35: 70103.707 | M35: 39600 | N35: 14400 | P35: 供货、运输、安装、调试等全部工作内容
A36: 34 | B36: 1.5 | C36: 建筑小房 | I36: 0 | J36: 0 | K36: 0 | L36: 0 | M36: 0 | N36: 0
A37: 35 | B37: 1.5.1 | C37: 液压站 | D37: 砖混结构 | E37: 平方米 | F37: 47.25 | I37: 2640.0224 | J37: 800 | K37: 680 | L37: 124741.06 | M37: 37800 | N37: 32130 | P37: 降水、排水、土石方(含特殊爆破)挖运填、基础、截（接）桩头、桩锚筋、桩锚板、PHC桩混凝土填芯、基坑支护、钢筋供货及制安、混凝土结构（含构件）、砌体及其涂料，楼面顶棚涂料，楼面、屋面及其防水、防火、隔热、保温层，门窗，地面防潮层，地面铺砌、预埋铁件、预埋管道、钢构件、钢结构KMD设计、脚手架，界面剂，伸缩缝，隔断，踢脚线、散水、坡道、装修及零星构筑物(如电缆沟及其盖板)等全部土建工作内容及照明(包括照明电缆电线、配管、灯具、整流器（断路器、触发器）、开关、插座、照明箱等主材供货及安装等) 、防雷接地、室内外给排水（含淋浴、洗脸盆、污水池、大小便器、管道等），空调电源线路、弱电线路及插座等全部工作内容
A38: 36 | B38: 1.5.2 | C38: 操作室（精装修） | D38: 砖混结构 | E38: 平方米 | F38: 63 | I38: 2892.9024 | J38: 800 | K38: 680 | L38: 182252.85 | M38: 50400 | N38: 42840 | P38: 同上
A39: 37 | B39: 1.5.3 | C39: 电气室 | D39: 砖混结构 | E39: 平方米 | F39: 126 | I39: 3019.3424 | J39: 800 | K39: 680 | L39: 380437.15 | M39: 100800 | N39: 85680 | P39: 同上
A40: 38 | B40: 1.5.4 | C40: 工具、休息间 | D40: 砖混结构 | E40: 平方米 | F40: 28.35 | I40: 2387.1424 | J40: 800 | K40: 580 | L40: 67675.488 | M40: 22680 | N40: 16443 | P40: 同上
A41: 39 | B41: 1.6 | C41: 风机房及电气室改造 | I41: 0 | J41: 0 | K41: 0 | L41: 0 | M41: 0 | N41: 0
A42: 40 | B42: 1.6.1 | C42: 内墙面 | D42: 1、涂料 2、3厚耐水腻子分遍找平 3、10厚DP M5砂浆（1:1:6水泥石灰膏砂浆）或粉刷石膏砂浆打底抹平 | E42: 平方米 | F42: 270 | I42: 56.898 | J42: 15 | K42: 30 | L42: 15362.46 | M42: 4050 | N42: 8100 | P42: 调运砂浆、抹灰、涂料等全部工作内容
A43: 41 | B43: 1.6.2 | C43: 顶棚面 | D43: 1、现浇(或预制)钢筋混凝土板 2、2~3厚面层耐水腻子刮平 3、刷(喷)涂料 | E43: 平方米 | F43: 216 | I43: 25.288 | J43: 10 | K43: 10 | L43: 5462.208 | M43: 2160 | N43: 2160 | P43: 同上
A44: 42 | B44: 1.6.3 | C44: 电动卷帘门 | E44: 平方米 | F44: 30 | I44: 261.71961 | J44: 200 | K44: 30 | L44: 7851.5883 | M44: 6000 | N44: 900 | P44: 材料供货及敷设安装等满足施工图纸及规范要求的全部工作内容
A45: 43 | B45: 1.7 | C45: 其他零星构筑物 | I45: 0 | J45: 0 | K45: 0 | L45: 0 | M45: 0 | N45: 0
A46: 44 | B46: 1.7.1 | C46: 地下管廊加固混凝土 | D46: C30(钢筋单列) | E46: 立方米 | F46: 230 | I46: 1030.2547 | J46: 260 | K46: 192.5 | L46: 236958.59 | M46: 59800 | N46: 44275 | P46: 降水、排水、挖填运土石方(含特殊爆破)、基础垫层、模板安拆堆放、截（接）桩头、填桩芯、预埋铁件（含钢管、套筒、防雷接地极、地脚螺栓等）制安、植筋、砼浇捣养护、脚手架搭拆、铁件刷油、浇灌（灌浆）、固定架制安等全部工作内容
A47: 45 | B47: 1.7.2 | C47: 管道支架基础 | D47: C30(钢筋单列) | E47: 立方米 | F47: 90 | I47: 804.60255 | J47: 260 | K47: 192.5 | L47: 72414.23 | M47: 23400 | N47: 17325 | P47: 降水、排水、挖填运土石方(含特殊爆破)、基础垫层、模板安拆堆放、截（接）桩头、填桩芯、预埋铁件（含钢管、套筒、防雷接地极、地脚螺栓等）制安、砼浇捣养护、脚手架搭拆、铁件刷油、浇灌（灌浆）、固定架制安等全部工作内容
A48: 46 | B48: 1.7.3 | C48: 烟囱基础 | D48: C30(钢筋单列) | E48: 立方米 | F48: 140 | I48: 784.60255 | J48: 260 | K48: 192.5 | L48: 109844.36 | M48: 36400 | N48: 26950 | P48: 同上
A49: 47 | B49: 1.7.4 | C49: 铁水秤基础 | D49: C30(钢筋单列) | E49: 立方米 | F49: 50 | I49: 901.55955 | J49: 260 | K49: 235 | L49: 45077.978 | M49: 13000 | N49: 11750 | P49: 同上
A50: 48 | B50: 1.7.5 | C50: 新建排水沟及盖板 | D50: C30(钢筋单列) | E50: 立方米 | F50: 25 | I50: 980.97019 | J50: 260 | K50: 335 | L50: 24524.255 | M50: 6500 | N50: 8375 | P50: 同上
A51: 49 | B51: 1.7.6 | C51: 轨道衡基础 | D51: C30(钢筋单列) | E51: 立方米 | F51: 300 | I51: 901.55955 | J51: 260 | K51: 235 | L51: 270467.87 | M51: 78000 | N51: 70500 | P51: 同上
A52: 50 | B52: 1.7.7 | C52: 道口板基础 | D52: C40(钢筋单列) | E52: 立方米 | F52: 45 | I52: 947.83435 | J52: 300 | K52: 235 | L52: 42652.546 | M52: 13500 | N52: 10575 | P52: 同上
A53: 51 | B53: 1.7.8 | C53: 以上钢筋 | D53: 各种规格、各种型号、各种材质 | E53: 吨 | F53: 85 | I53: 5161 | J53: 3250 | K53: 850 | L53: 438685 | M53: 276250 | N53: 72250 | P53: 钢筋采购、制作、运输、绑扎安装等全部工作内容
A54: 52 | B54: 1.7.9 | C54: 管道支架钢结构 | D54: 各种规格、各种型号、各种材质 | E54: 吨 | F54: 50 | I54: 7251.5786 | J54: 3510 | K54: 2150 | L54: 362578.93 | M54: 175500 | N54: 107500 | P54: 钢结构设计详图设计、材料供货、除锈防腐、制作、探伤、运输、卸车、拼装、吊装、安装、涂漆、接地等全部工作内容
A55: 53 | B55: 1.7.10 | C55: 钢烟囱 | D55: 各种规格、各种型号、各种材质 | E55: 吨 | F55: 64 | I55: 7694.0195 | J55: 3911 | K55: 2151 | L55: 492417.25 | M55: 250304 | N55: 137664 | P55: 同上
A56: 54 | B56: 1.7.11 | C56: 砖墙 | E56: 立方米 | F56: 29.36 | I56: 1208.7664 | J56: 436 | K56: 520 | L56: 35489.382 | M56: 12800.96 | N56: 15267.2 | P56: 调运砂浆、运砌砖、砌窗台虎头砖、腰线、门窗套、安放木砖、铁件、粉刷、涂料、脚手架等满足施工图、施工规范要求的全部工作内容
A57: 55 | B57: 1.7.12 | C57: 墙基础 | D57: C30(钢筋单列) | E57: 立方米 | F57: 15 | I57: 784.60255 | J57: 260 | K57: 192.5 | L57: 11769.038 | M57: 3900 | N57: 2887.5 | P57: 降水、排水、挖填运土石方(含特殊爆破)、基础垫层、模板安拆堆放、截（接）桩头、填桩芯、预埋铁件（含钢管、套筒、防雷接地极、地脚螺栓等）制安、砼浇捣养护、脚手架搭拆、铁件刷油、浇灌（灌浆）、固定架制安等全部工作内容
A58: 56 | B58: 1.7.13 | C58: 墙基础钢筋 | D58: 各种规格、各种型号、各种材质 | E58: 吨 | F58: 1.12 | I58: 5161 | J58: 3250 | K58: 850 | L58: 5780.32 | M58: 3640 | N58: 952 | P58: 钢筋采购、制作、运输、绑扎安装等全部工作内容
A59: 57 | B59: 1.7.14 | C59: 240mm厚砖墙 | E59: 平方米 | F59: 4 | I59: 290.10394 | J59: 105 | K59: 124.8 | L59: 1160.4157 | M59: 420 | N59: 499.2 | P59: 调运砂浆、运砌砖、砌窗台虎头砖、腰线、门窗套、安放木砖、铁件、粉刷、涂料、脚手架等满足施工图、施工规范要求的全部工作内容
A60: 58 | B60: 1.7.15 | C60: 4厚钢板 | E60: 平方米 | F60: 4 | I60: 196.05585 | J60: 126.4 | K60: 38.4 | L60: 784.2234 | M60: 505.6 | N60: 153.6 | P60: 钢板供货、铺贴及固定等满足施工图、施工规范要求的全部工作内容
A61: 59 | B61: 1.7.16 | C61: 4mm厚PVC门帘 | E61: 平方米 | F61: 6 | I61: 113.796 | J61: 70 | K61: 20 | L61: 682.776 | M61: 420 | N61: 120 | P61: 材料供货及敷设安装等满足施工图纸及规范要求的全部工作内容
A62: 60 | B62: 1.7.17 | C62: 室外硬化地坪 | D62: 150厚碎石垫层上铺100厚C20细石混凝土 | E62: 平方米 | F62: 1500 | I62: 121.52126 | J62: 32.25 | K62: 25 | L62: 182281.89 | M62: 48375 | N62: 37500 | P62: 降水、排水、挖填运土石方(含特殊爆破)、基础垫层、模板安拆堆放、截（接）桩头、填桩芯、预埋铁件（含钢管、套筒、防雷接地极、地脚螺栓等）制安、砼浇捣养护、脚手架搭拆、铁件刷油、浇灌（灌浆）、固定架制安等全部工作内容
A63: 61 | B63: 1.8 | C63: 地基处理 | I63: 0 | J63: 0 | K63: 0 | L63: 0 | M63: 0 | N63: 0
A64: 62 | B64: 1.8.1 | C64: 钻孔灌注桩 | D64: C30抗渗(钢筋单列) | E64: 立方米 | F64: 731 | I64: 823.89926 | J64: 275 | K64: 100 | L64: 602270.36 | M64: 201025 | N64: 73100 | P64: 降水、排水、机械进出场、安装防护口管、钻孔、就位、挖泥浆沟槽、泥浆运输、钢筋笼放置、灌注水下混凝土、压密注浆、振捣、养护；土石方清理运输弃置；桩基检测、检验、试验、报验等全部工作内容
A65: 63 | B65: 1.8.2 | C65: 钻孔灌注桩钢筋 | D65: 各种规格、各种型号、各种材质 | E65: 吨 | F65: 51.2 | I65: 5161 | J65: 3250 | K65: 850 | L65: 264243.2 | M65: 166400 | N65: 43520 | P65: 钢筋采购、制作、运输、绑扎安装等全部工作内容
A66: 64 | B66: 1.8.3 | C66: 地基换填 | D66: 级配砂夹石 | E66: 立方米 | F66: 210 | I66: 193.89574 | J66: 103 | K66: 10 | L66: 40718.105 | M66: 21630 | N66: 2100 | P66: 降水、排水、挖填运土石方、换填材料供货填充、碾压夯实等满足施工图、施工规范要求的全部工作内容
A67: 65 | B67: 2 | C67: 工艺设施 | I67: 0 | J67: 0 | K67: 0 | L67: 389815.57 | M67: 88500 | N67: 206460
A68: 66 | B68: *2.1 | C68: 设备安装 | I68: 0 | J68: 0 | K68: 0 | L68: 0 | M68: 0 | N68: 0
A69: 67 | B69: *2.1.1 | C69: 搅拌头 | E69: 个 | F69: 10 | G69: 4 | H69: 40 | I69: 1133.32 | J69: 0 | K69: 800 | L69: 11333.2 | M69: 0 | N69: 8000 | P69: 接货、开箱清点、场内运输、外观检查、设备清洗、吊装、拼装、联结、安装就位、调整、固定、灌浆、电机检查接线、接地连接及设备本体的单体调试、配合机组联动试车和热负荷试车，以及配合业主办理特种设备、压力管道等报审报验及使用许可证等全部工作内容
A70: 68 | B70: *2.1.2 | C70: 搅拌头旋转装置 | E70: 套 | F70: 2 | G70: 16 | H70: 32 | I70: 1133.32 | J70: 0 | K70: 800 | L70: 2266.64 | M70: 0 | N70: 1600 | P70: 同上
A71: 69 | B71: *2.1.3 | C71: 搅拌头升降装置 | E71: 套 | F71: 2 | G71: 10.5 | H71: 21 | I71: 1133.32 | J71: 0 | K71: 800 | L71: 2266.64 | M71: 0 | N71: 1600 | P71: 同上
A72: 70 | B72: *2.1.4 | C72: 升降导轨及框架 | E72: 套 | F72: 2 | G72: 15.5 | H72: 31 | I72: 1133.32 | J72: 0 | K72: 800 | L72: 2266.64 | M72: 0 | N72: 1600 | P72: 同上
A73: 71 | B73: *2.1.5 | C73: 称量斗 | E73: 套 | F73: 2 | G73: 1.5 | H73: 3 | I73: 1133.32 | J73: 0 | K73: 800 | L73: 2266.64 | M73: 0 | N73: 1600 | P73: 同上
A74: 72 | B74: *2.1.6 | C74: 电动升降溜槽 | E74: 套 | F74: 2 | G74: 2 | H74: 4 | I74: 1133.32 | J74: 0 | K74: 800 | L74: 2266.64 | M74: 0 | N74: 1600 | P74: 同上
A75: 73 | B75: *2.1.7 | C75: 翻转检修平台 | E75: 套 | F75: 2 | G75: 0.5 | H75: 1 | I75: 1133.32 | J75: 0 | K75: 800 | L75: 2266.64 | M75: 0 | N75: 1600 | P75: 同上
A76: 74 | B76: *2.1.8 | C76: 搅拌头更换小车 | E76: 套 | F76: 2 | G76: 2.5 | H76: 5 | I76: 1133.32 | J76: 0 | K76: 800 | L76: 2266.64 | M76: 0 | N76: 1600 | P76: 同上
A77: 75 | B77: *2.1.9 | C77: 翻板轨道 | E77: 套 | F77: 2 | G77: 2 | H77: 4 | I77: 1133.32 | J77: 0 | K77: 800 | L77: 2266.64 | M77: 0 | N77: 1600 | P77: 同上
A78: 76 | B78: *2.1.10 | C78: 吹气赶渣装置 | E78: 套 | F78: 2 | G78: 2.5 | H78: 5 | I78: 1133.32 | J78: 0 | K78: 800 | L78: 2266.64 | M78: 0 | N78: 1600 | P78: 同上
A79: 77 | B79: *2.1.11 | C79: 搅拌头吊具 | E79: 套 | F79: 2 | G79: 0.1 | H79: 0.2 | I79: 1133.32 | J79: 0 | K79: 800 | L79: 2266.64 | M79: 0 | N79: 1600 | P79: 同上
A80: 78 | B80: *2.1.12 | C80: 铁水倾翻车防尘门 | E80: 套 | F80: 2 | G80: 4 | H80: 8 | I80: 1133.32 | J80: 0 | K80: 800 | L80: 2266.64 | M80: 0 | N80: 1600 | P80: 同上
... A96: 94 | B96: *2.1.28 | C96: 渣罐车 | E96: 台 | F96: 2 | G96: 18 | H96: 36 | I96: 665 | J96: 0 | K96: 500 | L96: 1330 | M96: 0 | N96: 1000 | P96: 同上
A97: 95 | B97: *2.1.29 | C97: 扒渣机 | E97: 套 | F97: 2 | I97: 3483.3 | J97: 0 | K97: 2000 | L97: 6966.6 | M97: 0 | N97: 4000 | P97: 同上
A98: 96 | B98: *2.1.30 | C98: 测温取样机器人 | E98: 套 | F98: 2 | I98: 4874.95 | J98: 0 | K98: 3000 | L98: 9749.9 | M98: 0 | N98: 6000 | P98: 同上
A99: 97 | B99: *2.1.31 | C99: 120t铁水包 | E99: 套 | F99: 32 | G99: 25 | H99: 800 | I99: 153.332 | J99: 0 | K99: 80 | L99: 4906.624 | M99: 0 | N99: 2560 | P99: 接货、开箱清点、场内运输、外观检查、存放在指定位置保管等全部工作内容
A100: 98 | B100: *2.1.32 | C100: 金属软管 | E100: 套 | F100: 2 | G100: 0.2 | H100: 0.4 | I100: 387.495 | J100: 0 | K100: 300 | L100: 774.99 | M100: 0 | N100: 600 | P100: 量尺寸、断管、连接接头、钻眼、攻丝、固定等全部工作内容
A101: 99 | B101: *2.1.33 | C101: 160t铸造起重机龙门钩 | E101: 套 | F101: 2 | I101: 25833 | J101: 0 | K101: 20000 | L101: 51666 | M101: 0 | N101: 40000 | P101: 接货、开箱清点、场内运输、外观检查、设备清洗、吊装、拼装、联结、接地、安装就位、电机检查接线、调整、固定及设备本体的单体调试、空负荷试车、配合机组热负荷试车，以及通过特种设备报验，取得运行合格证书等全部工作内容
A102: 100 | B102: *2.1.34 | C102: 16t双梁通用桥式起重机 | E102: 个 | F102: 1 | I102: 55666 | J102: 0 | K102: 40000 | L102: 55666 | M102: 0 | N102: 40000 | P102: 同上
A103: 101 | B103: *2.1.35 | C103: 3t扒渣板更换电动葫芦 | E103: 个 | F103: 2 | I103: 7458.25 | J103: 0 | K103: 5000 | L103: 14916.5 | M103: 0 | N103: 10000 | P103: 接货、开箱清点、场内运输、外观检查、设备清洗、吊装、拼装、联结、接地、安装就位、调整、固定、配套电气材料供货及安装、设备本体的单体调试、空负荷试车、配合机组热负荷试车，以及通过特种设备报验，取得运行合格证书等全部工作内容
A104: 102 | B104: *2.1.36 | C104: 1t吹气赶渣枪更换电动葫芦 | E104: 个 | F104: 2 | I104: 1420.815 | J104: 0 | K104: 1100 | L104: 2841.63 | M104: 0 | N104: 2200 | P104: 同上
A105: 103 | B105: *2.1.37 | C105: 行车恢复安装 | D105: 16t | E105: 套 | F105: 1 | I105: 55666 | J105: 0 | K105: 40000 | L105: 55666 | M105: 0 | N105: 40000 | P105: 同上
A106: 104 | B106: *2.1.38 | C106: 3t起重机检修电动葫芦 | E106: 个 | F106: 1 | I106: 1820.815 | J106: 0 | K106: 1100 | L106: 1820.815 | M106: 0 | N106: 1100 | P106: 同上
A107: 105 | B107: 2.2 | C107: 材料及安装 | I107: 0 | J107: 0 | K107: 0 | L107: 0 | M107: 0 | N107: 0
A108: 106 | B108: 2.2.1 | C108: 耐火砖 | D108: 高铝砖、硅碳砖‌、镁碳砖；1550℃ | E108: 立方米 | F108: 9 | I108: 2324.97 | J108: 1500 | K108: 300 | L108: 20924.73 | M108: 13500 | N108: 2700 | P108: 供货，接货、开箱清点、运输、检（试）验、（含外观、理化等检、试验）、砌筑（含预砌筑、预组装、选砖、机械集中磨砖、机械集中切砖）、二次勾缝吹风清扫、镶铁件、模板装拆等全部工作内容
A109: 107 | B109: 2.2.2 | C109: 不锈钢液压中间配管 | D109: 各种规格、各种型号、各种材质 | E109: 吨 | F109: 2.5 | I109: 39199.863 | J109: 30000 | K109: 3800 | L109: 97999.657 | M109: 75000 | N109: 9500 | P109: 管道、管件及材料性阀门供货及安装、管支架及管夹制作安装、水冲洗及水试漏，管道酸洗、碱洗、预膜、脱脂、水冲洗、钝化、管道吹扫，系统油冲洗，油压试验，冲洗用油（分包方供货）、滤芯及酸洗、冲洗用的临时设施安装及拆除、接地、标识等全部工作内容
A110: 108 | B110: 3 | C110: 燃气设施 | I110: 0 | J110: 0 | K110: 0 | L110: 113825.81 | M110: 54500 | N110: 35340
A111: 109 | B111: *3.1 | C111: 设备安装 | I111: 0 | J111: 0 | K111: 0 | L111: 0 | M111: 0 | N111: 0
A112: 110 | B112: *3.1.1 | C112: 氮气球阀 | D112: DN125 | E112: 个 | F112: 1 | I112: 118.15938 | J112: 0 | K112: 150 | L112: 118.15938 | M112: 0 | N112: 150 | P112: 接货、开箱清点、场内运输、外观检查、设备清洗、吊装、拼装、联结、安装就位、调整、固定、防雷接地、灌浆、电机检查接线、接地连接及设备本体的单体调试、配合机组联动试车和热负荷试车，以及配合业主办理特种设备、压力管道等报审及使用许可证等全部工作内容
A113: 111 | B113: *3.1.2 | C113: 氮气球阀 | D113: DN100 | E113: 个 | F113: 4 | I113: 169.20615 | J113: 0 | K113: 125 | L113: 676.8246 | M113: 0 | N113: 500 | P113: 同上
A114: 112 | B114: *3.1.3 | C114: 氮气球阀 | D114: DN50 | E114: 个 | F114: 4 | I114: 101.52369 | J114: 0 | K114: 75 | L114: 406.09476 | M114: 0 | N114: 300 | P114: 同上
A115: 113 | B115: *3.1.4 | C115: 氧气专用截止阀 | D115: DN80 | E115: 台 | F115: 1 | I115: 135.36492 | J115: 0 | K115: 100 | L115: 135.36492 | M115: 0 | N115: 100 | P115: 同上
...

Sheet Sheet2
A1: 序号 | B1: (多项)
A3: 工程或费用名称 | B3: 求和项:总计 | C3: 平均值项:综合单价 | D3: 求和项:主材单价 | E3: 求和项:人工费
A4: 脱硫站平台钢结构 | B4: 2958644.1 | C4: 7251.5786 | D4: 3510 | E4: 2150
A5: 脱硫主厂房钢结构 | B5: 1515579.9 | C5: 7251.5786 | D5: 3510 | E5: 2150
A6: 以上钢筋 | B6: 836082 | C6: 5161 | D6: 9750 | E6: 2550
A7: 风管 | B7: 603897.81 | C7: 9290.7356 | D7: 4060 | E7: 2600
A8: 钻孔灌注桩 | B8: 602270.36 | C8: 823.89926 | D8: 275 | E8: 100
A9: 钢烟囱 | B9: 492417.25 | C9: 7694.0195 | D9: 3911 | E9: 2151
A10: 脱硫站平台钢筋混凝土框架 | B10: 470902.75 | C10: 1499.6903 | D10: 570.75 | E10: 415
A11: 轨道基础 | B11: 446271.98 | C11: 901.55955 | D11: 260 | E11: 235
A12: 铁路路基碎石换填 | B12: 441073.3 | C12: 122.52036 | D12: 82 | E12: 5
A13: 电气室 | B13: 380437.15 | C13: 3019.3424 | D13: 800 | E13: 680
A14: 外墙彩板 | B14: 368802.57 | C14: 108.15325 | D14: 50.5 | E14: 22
A15: 管道支架钢结构 | B15: 362578.93 | C15: 7251.5786 | D15: 3510 | E15: 2150
... A26: 操作室（精装修） | B26: 182252.85 | C26: 2892.9024 | D26: 800 | E26: 680
A27: 动力电缆 ZR-YJV-0.6/1kV | B27: 175724.49 | C27: 13.404466 | E27: 172.5
A28: 钢基铜导体滑触线 | B28: 165916.44 | C28: 691.31851 | D28: 350 | E28: 100
A29: 镀锌钢管 | B29: 160772.48 | C29: 9070.152 | D29: 28200 | E29: 15600
A30: 拆除两套脱硫设施钢平台 | B30: 159314.4 | C30: 796.572 | D30: 0 | E30: 600
A31: 拆除除尘管道 | B31: 158425.32 | C31: 929.334 | D31: 0 | E31: 1400
A32: 新建钢筋混凝土排水沟 | B32: 153031.35 | C32: 1020.209 | D32: 260 | E32: 335
A33: 新建道路 | B33: 148800 | C33: 248 | D33: 56.35 | E33: 35
A34: 拆除旧除尘器基础 | B34: 135417.24 | C34: 225.6954 | D34: 0 | E34: 20
A35: 无缝钢管 | B35: 130779.46 | C35: 6745.5621 | D35: 13530 | E35: 7820
A36: 液压站 | B36: 124741.06 | C36: 2640.0224 | D36: 800 | E36: 680
A37: 拆除铁运线原脱硫平台下混凝土 | B37: 118715.78 | C37: 225.6954 | D37: 0 | E37: 20
A38: 平台隔热喷涂料 | B38: 116957 | C38: 4678.28 | D38: 2200 | E38: 1500
A39: 高位料仓 | B39: 115373.7 | C39: 7691.5802 | D39: 3910 | E39: 2150
A40: 耐高温屏蔽控制电缆 ZR-KGGRP-500 | B40: 111216.96 | C40: 7.1595342 | E40: 46
A41: 烟囱基础 | B41: 109844.36 | C41: 784.60255 | D41: 260 | E41: 192.5
A42: 拆除倒罐站钢平台拆除 | B42: 106209.6 | C42: 1062.096 | D42: 0 | E42: 800
A43: 精炼炉及脱硫走道钢平台 | B43: 105722.1 | C43: 7551.5786 | D43: 3910 | E43: 2150
A44: 脱硫平台柱基础 | B44: 101998.33 | C44: 784.60255 | D44: 260 | E44: 192.5
A45: 墙面彩钢板拆除 | B45: 100368.07 | C45: 26.5524 | D45: 0 | E45: 20
A46: TPO防水卷材 | B46: 99756.066 | C46: 64.015136 | D46: 41 | E46: 10
A47: 不锈钢液压中间配管 | B47: 97999.657 | C47: 39199.863 | D47: 30000 | E47: 3800
A48: 脱硫厂房基础 | B48: 95328.198 | C48: 794.40165 | D48: 260 | E48: 192.5
A49: 耐火砖 | B49: 89202.33 | C49: 2300.445 | D49: 3000 | E49: 600
A50: 铁路土路基压实 | B50: 87500 | C50: 25 | D50: 0 | E50: 5
A51: 高密度聚乙烯（HDPE）缠绕埋地管 | B51: 87160.633 | C51: 577.73668 | D51: 1170 | E51: 245
A52: 建筑地坪 | B52: 85064.882 | C52: 121.52126 | D52: 32.25 | E52: 25
... A64: 焊接钢管（埋地） | B64: 57417.846 | C64: 8394.4219 | D64: 3900 | E64: 2600
A65: 单模光缆 | B65: 56789.959 | C65: 11.363986 | E65: 16
A66: 保护性拆除行车 | B66: 56254.8 | C66: 56254.8 | D66: 0 | E66: 40000
A67: 行车恢复安装 | B67: 55666 | C67: 55666 | D67: 0 | E67: 40000
A68: 16t双梁通用桥式起重机 | B68: 55666 | C68: 55666 | D68: 0 | E68: 40000
A69: 车挡 | B69: 52599.04 | C69: 26299.52 | D69: 0 | E69: 0
A70: 160t铸造起重机龙门钩 | B70: 51666 | C70: 25833 | D70: 0 | E70: 20000
A71: 10kV电缆 | B71: 49450.575 | C71: 35.83375 | E71: 25
A72: 拆除脱硫站钢平台 | B72: 47794.32 | C72: 796.572 | D72: 0 | E72: 600
A73: 拆除新渣罐车轨道基础区域地面 | B73: 47396.034 | C73: 225.6954 | D73: 0 | E73: 20
A74: 脱硫厂房基础钢筋 | B74: 46449 | C74: 5161 | D74: 3250 | E74: 850
A75: 铁水秤基础 | B75: 45077.978 | C75: 901.55955 | D75: 260 | E75: 235
A76: 拆除烟囱本体钢结构 | B76: 44608.032 | C76: 796.572 | D76: 0 | E76: 600
A77: 道口板基础 | B77: 42652.546 | C77: 947.83435 | D77: 300 | E77: 235
A78: 地基换填 | B78: 40718.105 | C78: 193.89574 | D78: 103 | E78: 10
A79: 电缆 | B79: 40504.236 | C79: 5.7759282 | E79: 12
A80: 拆除管道钢结构支架 | B80: 39828.6 | C80: 796.572 | D80: 0 | E80: 600
A81: 测量 | B81: 38000 | C81: 38000 | D81: 0 | E81: 30000
A82: 投光灯 | B82: 36697.491 | C82: 249.6428 | D82: 95 | E82: 100
A83: 保护性拆除铁路 | B83: 36509.55 | C83: 73.0191 | D83: 0 | E83: 25
A84: 变频动力电缆 ZR-BPGGP | B84: 35732.217 | C84: 22.896913 | E84: 66
A85: 耐高温动力电缆 ZR-YGG-0.6/1kV | B85: 33672.957 | C85: 9.7707109 | E85: 31
A86: 拆除二层电气室房子 | B86: 31132.689 | C86: 92.9334 | D86: 0 | E86: 20
A87: 电气柜 | B87: 29294.622 | C87: 1084.986 | D87: 0 | E87: 800
A88: 屋面彩钢板拆除 | B88: 29207.64 | C88: 26.5524 | D88: 0 | E88: 20
A89: 拆除布袋除尘设施 20万m3/h | B89: 28652.4 | C89: 28652.4 | D89: 0 | E89: 10000
A90: 拆除电缆 | B90: 27614.496 | C90: 10.62096 | D90: 0 | E90: 8
A91: 离心通风机及电机 | B91: 27072.984 | C91: 27072.984 | D91: 0 | E91: 20000
A92: 铝合金推拉窗 | B92: 26837.729 | C92: 298.19699 | D92: 210 | E92: 50
A93: 控制电缆 ZR-KVVR-500 | B93: 26737.438 | C93: 8.2897795 | E93: 64
A94: 拆除喷吹脱硫站加料系统设备、管道 | B94: 26552.4 | C94: 663.81 | D94: 0 | E94: 500
A95: 工业电视 | B95: 25833 | C95: 25833 | D95: 0 | E95: 20000
A96: 拆除0.6mm厚墙皮 | B96: 25224.78 | C96: 26.5524 | D96: 0 | E96: 20
A97: 新建排水沟及盖板 | B97: 24524.255 | C97: 980.97019 | D97: 260 | E97: 335
A98: 操作箱 | B98: 24412.185 | C98: 678.11625 | D98: 0 | E98: 500
A99: 外墙采光板 | B99: 24024.048 | C99: 57.200113 | D99: 20 | E99: 22
A100: 控制电缆 | B100: 22472.061 | C100: 7.0883063 | E100: 14
A101: 电动耐磨尘气蝶阀 | B101: 21658.387 | C101: 3609.7312 | D101: 0 | E101: 8000
A102: 拆除钢筋混凝土地坪 | B102: 19184.109 | C102: 225.6954 | D102: 0 | E102: 20
A103: 保护性拆除铁水秤 | B103: 18933.2 | C103: 9466.6 | D103: 0 | E103: 7500
A104: 拆除钢结构走道及栏杆等 | B104: 18055.632 | C104: 1062.096 | D104: 0 | E104: 800
A105: 拆除一层电气室 | B105: 17564.413 | C105: 92.9334 | D105: 0 | E105: 20
A106: 拆除顶枪修复平台及楼梯、喷枪等 | B106: 15931.44 | C106: 796.572 | D106: 0 | E106: 600
A107: 拆除倒罐站厂房与主跨厂房墙面 | B107: 15931.44 | C107: 1062.096 | D107: 0 | E107: 800
A108: 内墙面 | B108: 15362.46 | C108: 56.898 | D108: 15 | E108: 30
A109: 电缆卷筒钢平台 | B109: 15103.157 | C109: 7551.5786 | D109: 3910 | E109: 2150
A110: 3t扒渣板更换电动葫芦 | B110: 14916.5 | C110: 7458.25 | D110: 0 | E110: 5000
A111: 拆除除液压站砖砌房 | B111: 14869.344 | C111: 92.9334 | D111: 0 | E111: 20
A112: 金属软管（含接头） | B112: 14753.152 | C112: 37.208338 | D112: 134 | E112: 74
... A115: 拆除10kV电缆 | B115: 13807.248 | C115: 10.62096 | D115: 0 | E115: 8
A116: 控制电缆 ZR-KVVRP-500 | B116: 13318.956 | C116: 7.6222556 | E116: 24
A117: 拆除厂房柱基础 | B117: 13276.2 | C117: 265.524 | D117: 0 | E117: 50
A118: 除尘电机新增高压变频器 | B118: 12987.5 | C118: 12987.5 | D118: 0 | E118: 10000
A119: 火灾报警系统 | B119: 12916.5 | C119: 12916.5 | D119: 0 | E119: 10000
A120: 拆除原精炼除尘高压变频器 | B120: 12720.96 | C120: 12720.96 | D120: 0 | E120: 8000
A121: 非金属补偿器 | B121: 12182.843 | C121: 4060.9476 | D121: 0 | E121: 6000
A122: 墙基础 | B122: 11769.038 | C122: 784.60255 | D122: 260 | E122: 192.5
A123: 搅拌头 | B123: 11333.2 | C123: 1133.32 | D123: 0 | E123: 800
A124: 拆除烟囱基础 | B124: 10620.96 | C124: 265.524 | D124: 0 | E124: 50
...
